timeStamp,elapsed,label,responseCode,responseMessage,threadName,dataType,success,failureMessage,bytes,sentBytes,grpThreads,allThreads,URL,Latency,IdleTime,Connect
1711000854925,49420,Ask BOT,200,OK,172.19.252.206:1099-Thread Group 1-1,text,true,,1087,513,5,5,https://ica-backend-js-stage.interfacechatbotapplication.chat/app/v1/ask-bot,49420,0,32
1711000854949,49396,Ask BOT,200,OK,172.19.252.205:1099-Thread Group 1-1,text,true,,1087,513,5,5,https://ica-backend-js-stage.interfacechatbotapplication.chat/app/v1/ask-bot,49396,0,14
1711000854973,50021,Ask BOT,Non HTTP response code: org.apache.http.NoHttpResponseException,Non HTTP response message: ica-backend-js-stage.interfacechatbotapplication.chat:443 failed to respond,172.19.252.204:1099-Thread Group 1-1,text,false,,2110,0,5,5,https://ica-backend-js-stage.interfacechatbotapplication.chat/app/v1/ask-bot,0,0,16
1711000854992,50019,Ask BOT,Non HTTP response code: org.apache.http.NoHttpResponseException,Non HTTP response message: ica-backend-js-stage.interfacechatbotapplication.chat:443 failed to respond,172.19.252.203:1099-Thread Group 1-1,text,false,,2110,0,5,5,https://ica-backend-js-stage.interfacechatbotapplication.chat/app/v1/ask-bot,0,0,15
1711000855125,50020,Ask BOT,Non HTTP response code: org.apache.http.NoHttpResponseException,Non HTTP response message: ica-backend-js-stage.interfacechatbotapplication.chat:443 failed to respond,172.19.252.206:1099-Thread Group 1-2,text,false,,2110,0,5,5,https://ica-backend-js-stage.interfacechatbotapplication.chat/app/v1/ask-bot,0,0,15
1711000855325,50018,Ask BOT,Non HTTP response code: org.apache.http.NoHttpResponseException,Non HTTP response message: ica-backend-js-stage.interfacechatbotapplication.chat:443 failed to respond,172.19.252.206:1099-Thread Group 1-3,text,false,,2110,0,5,5,https://ica-backend-js-stage.interfacechatbotapplication.chat/app/v1/ask-bot,0,0,14
1711000855525,50019,Ask BOT,Non HTTP response code: org.apache.http.NoHttpResponseException,Non HTTP response message: ica-backend-js-stage.interfacechatbotapplication.chat:443 failed to respond,172.19.252.206:1099-Thread Group 1-4,text,false,,2110,0,5,5,https://ica-backend-js-stage.interfacechatbotapplication.chat/app/v1/ask-bot,0,0,15
1711000855726,50018,Ask BOT,Non HTTP response code: org.apache.http.NoHttpResponseException,Non HTTP response message: ica-backend-js-stage.interfacechatbotapplication.chat:443 failed to respond,172.19.252.206:1099-Thread Group 1-5,text,false,,2110,0,5,5,https://ica-backend-js-stage.interfacechatbotapplication.chat/app/v1/ask-bot,0,0,15
1711000904368,50005,Ask BOT,Non HTTP response code: org.apache.http.NoHttpResponseException,Non HTTP response message: ica-backend-js-stage.interfacechatbotapplication.chat:443 failed to respond,172.19.252.206:1099-Thread Group 1-1,text,false,,2110,0,5,5,https://ica-backend-js-stage.interfacechatbotapplication.chat/app/v1/ask-bot,0,0,0
1711000905145,50014,Ask BOT,Non HTTP response code: org.apache.http.NoHttpResponseException,Non HTTP response message: ica-backend-js-stage.interfacechatbotapplication.chat:443 failed to respond,172.19.252.206:1099-Thread Group 1-2,text,false,,2110,0,5,5,https://ica-backend-js-stage.interfacechatbotapplication.chat/app/v1/ask-bot,0,0,10
1711000905343,50013,Ask BOT,Non HTTP response code: org.apache.http.NoHttpResponseException,Non HTTP response message: ica-backend-js-stage.interfacechatbotapplication.chat:443 failed to respond,172.19.252.206:1099-Thread Group 1-3,text,false,,2110,0,5,5,https://ica-backend-js-stage.interfacechatbotapplication.chat/app/v1/ask-bot,0,0,8
1711000905545,50012,Ask BOT,Non HTTP response code: org.apache.http.NoHttpResponseException,Non HTTP response message: ica-backend-js-stage.interfacechatbotapplication.chat:443 failed to respond,172.19.252.206:1099-Thread Group 1-4,text,false,,2110,0,5,5,https://ica-backend-js-stage.interfacechatbotapplication.chat/app/v1/ask-bot,0,0,8
1711000905744,50014,Ask BOT,Non HTTP response code: org.apache.http.NoHttpResponseException,Non HTTP response message: ica-backend-js-stage.interfacechatbotapplication.chat:443 failed to respond,172.19.252.206:1099-Thread Group 1-5,text,false,,2110,0,5,5,https://ica-backend-js-stage.interfacechatbotapplication.chat/app/v1/ask-bot,0,0,9
1711000955758,4467,Ask BOT,500,Internal Server Error,172.19.252.206:1099-Thread Group 1-5,text,false,,362,513,5,5,https://ica-backend-js-stage.interfacechatbotapplication.chat/app/v1/ask-bot,4467,0,15
1711000955557,4673,Ask BOT,500,Internal Server Error,172.19.252.206:1099-Thread Group 1-4,text,false,,362,513,5,5,https://ica-backend-js-stage.interfacechatbotapplication.chat/app/v1/ask-bot,4673,0,9
1711000955356,4919,Ask BOT,500,Internal Server Error,172.19.252.206:1099-Thread Group 1-3,text,false,,362,513,5,5,https://ica-backend-js-stage.interfacechatbotapplication.chat/app/v1/ask-bot,4919,0,15
1711000955160,5316,Ask BOT,500,Internal Server Error,172.19.252.206:1099-Thread Group 1-2,text,false,,362,513,5,5,https://ica-backend-js-stage.interfacechatbotapplication.chat/app/v1/ask-bot,5316,0,8
1711000954374,6305,Ask BOT,500,Internal Server Error,172.19.252.206:1099-Thread Group 1-1,text,false,,362,513,5,5,https://ica-backend-js-stage.interfacechatbotapplication.chat/app/v1/ask-bot,6305,0,8
1711000960225,1254,Ask BOT,500,Internal Server Error,172.19.252.206:1099-Thread Group 1-5,text,false,,362,513,5,5,https://ica-backend-js-stage.interfacechatbotapplication.chat/app/v1/ask-bot,1254,0,0
1711000960275,1700,Ask BOT,500,Internal Server Error,172.19.252.206:1099-Thread Group 1-3,text,false,,362,513,5,5,https://ica-backend-js-stage.interfacechatbotapplication.chat/app/v1/ask-bot,1700,0,0
1711000960476,1502,Ask BOT,500,Internal Server Error,172.19.252.206:1099-Thread Group 1-2,text,false,,362,513,5,5,https://ica-backend-js-stage.interfacechatbotapplication.chat/app/v1/ask-bot,1502,0,0
1711000960679,1593,Ask BOT,500,Internal Server Error,172.19.252.206:1099-Thread Group 1-1,text,false,,362,513,5,5,https://ica-backend-js-stage.interfacechatbotapplication.chat/app/v1/ask-bot,1593,0,0
1711000961479,902,Ask BOT,500,Internal Server Error,172.19.252.206:1099-Thread Group 1-5,text,false,,362,513,5,5,https://ica-backend-js-stage.interfacechatbotapplication.chat/app/v1/ask-bot,902,0,0
1711000960230,2245,Ask BOT,500,Internal Server Error,172.19.252.206:1099-Thread Group 1-4,text,false,,362,513,5,5,https://ica-backend-js-stage.interfacechatbotapplication.chat/app/v1/ask-bot,2245,0,0
1711000961975,1198,Ask BOT,500,Internal Server Error,172.19.252.206:1099-Thread Group 1-3,text,false,,362,513,5,5,https://ica-backend-js-stage.interfacechatbotapplication.chat/app/v1/ask-bot,1198,0,0
1711000961978,1300,Ask BOT,500,Internal Server Error,172.19.252.206:1099-Thread Group 1-2,text,false,,362,513,5,5,https://ica-backend-js-stage.interfacechatbotapplication.chat/app/v1/ask-bot,1300,0,0
1711000962273,1206,Ask BOT,500,Internal Server Error,172.19.252.206:1099-Thread Group 1-1,text,false,,362,513,5,5,https://ica-backend-js-stage.interfacechatbotapplication.chat/app/v1/ask-bot,1206,0,0
1711000962381,1191,Ask BOT,500,Internal Server Error,172.19.252.206:1099-Thread Group 1-5,text,false,,362,513,5,5,https://ica-backend-js-stage.interfacechatbotapplication.chat/app/v1/ask-bot,1191,0,0
1711000962475,1404,Ask BOT,500,Internal Server Error,172.19.252.206:1099-Thread Group 1-4,text,false,,362,513,5,5,https://ica-backend-js-stage.interfacechatbotapplication.chat/app/v1/ask-bot,1404,0,0
1711000963174,1004,Ask BOT,500,Internal Server Error,172.19.252.206:1099-Thread Group 1-3,text,false,,362,513,5,5,https://ica-backend-js-stage.interfacechatbotapplication.chat/app/v1/ask-bot,1004,0,0
1711000963278,1104,Ask BOT,500,Internal Server Error,172.19.252.206:1099-Thread Group 1-2,text,false,,362,513,5,5,https://ica-backend-js-stage.interfacechatbotapplication.chat/app/v1/ask-bot,1104,0,0
1711000855149,50019,Ask BOT,Non HTTP response code: org.apache.http.NoHttpResponseException,Non HTTP response message: ica-backend-js-stage.interfacechatbotapplication.chat:443 failed to respond,172.19.252.205:1099-Thread Group 1-2,text,false,,2110,0,5,5,https://ica-backend-js-stage.interfacechatbotapplication.chat/app/v1/ask-bot,0,0,15
1711000855349,50020,Ask BOT,Non HTTP response code: org.apache.http.NoHttpResponseException,Non HTTP response message: ica-backend-js-stage.interfacechatbotapplication.chat:443 failed to respond,172.19.252.205:1099-Thread Group 1-3,text,false,,2110,0,5,5,https://ica-backend-js-stage.interfacechatbotapplication.chat/app/v1/ask-bot,0,0,15
1711000855549,50017,Ask BOT,Non HTTP response code: org.apache.http.NoHttpResponseException,Non HTTP response message: ica-backend-js-stage.interfacechatbotapplication.chat:443 failed to respond,172.19.252.205:1099-Thread Group 1-4,text,false,,2110,0,5,5,https://ica-backend-js-stage.interfacechatbotapplication.chat/app/v1/ask-bot,0,0,13
1711000855749,50022,Ask BOT,Non HTTP response code: org.apache.http.NoHttpResponseException,Non HTTP response message: ica-backend-js-stage.interfacechatbotapplication.chat:443 failed to respond,172.19.252.205:1099-Thread Group 1-5,text,false,,2110,0,5,5,https://ica-backend-js-stage.interfacechatbotapplication.chat/app/v1/ask-bot,0,0,18
1711000904368,50006,Ask BOT,Non HTTP response code: org.apache.http.NoHttpResponseException,Non HTTP response message: ica-backend-js-stage.interfacechatbotapplication.chat:443 failed to respond,172.19.252.205:1099-Thread Group 1-1,text,false,,2110,0,5,5,https://ica-backend-js-stage.interfacechatbotapplication.chat/app/v1/ask-bot,0,0,0
1711000905169,50013,Ask BOT,Non HTTP response code: org.apache.http.NoHttpResponseException,Non HTTP response message: ica-backend-js-stage.interfacechatbotapplication.chat:443 failed to respond,172.19.252.205:1099-Thread Group 1-2,text,false,,2110,0,5,5,https://ica-backend-js-stage.interfacechatbotapplication.chat/app/v1/ask-bot,0,0,9
1711000905370,50013,Ask BOT,Non HTTP response code: org.apache.http.NoHttpResponseException,Non HTTP response message: ica-backend-js-stage.interfacechatbotapplication.chat:443 failed to respond,172.19.252.205:1099-Thread Group 1-3,text,false,,2110,0,5,5,https://ica-backend-js-stage.interfacechatbotapplication.chat/app/v1/ask-bot,0,0,8
1711000905568,50013,Ask BOT,Non HTTP response code: org.apache.http.NoHttpResponseException,Non HTTP response message: ica-backend-js-stage.interfacechatbotapplication.chat:443 failed to respond,172.19.252.205:1099-Thread Group 1-4,text,false,,2110,0,5,5,https://ica-backend-js-stage.interfacechatbotapplication.chat/app/v1/ask-bot,0,0,8
1711000905772,50013,Ask BOT,Non HTTP response code: org.apache.http.NoHttpResponseException,Non HTTP response message: ica-backend-js-stage.interfacechatbotapplication.chat:443 failed to respond,172.19.252.205:1099-Thread Group 1-5,text,false,,2110,0,5,5,https://ica-backend-js-stage.interfacechatbotapplication.chat/app/v1/ask-bot,0,0,9
1711000955784,4437,Ask BOT,500,Internal Server Error,172.19.252.205:1099-Thread Group 1-5,text,false,,362,513,5,5,https://ica-backend-js-stage.interfacechatbotapplication.chat/app/v1/ask-bot,4437,0,13
1711000955580,4647,Ask BOT,500,Internal Server Error,172.19.252.205:1099-Thread Group 1-4,text,false,,362,513,5,5,https://ica-backend-js-stage.interfacechatbotapplication.chat/app/v1/ask-bot,4647,0,13
1711000955383,4849,Ask BOT,500,Internal Server Error,172.19.252.205:1099-Thread Group 1-3,text,false,,362,513,5,5,https://ica-backend-js-stage.interfacechatbotapplication.chat/app/v1/ask-bot,4849,0,13
1711000955182,5290,Ask BOT,500,Internal Server Error,172.19.252.205:1099-Thread Group 1-2,text,false,,362,513,5,5,https://ica-backend-js-stage.interfacechatbotapplication.chat/app/v1/ask-bot,5290,0,8
1711000954373,6304,Ask BOT,500,Internal Server Error,172.19.252.205:1099-Thread Group 1-1,text,false,,362,513,5,5,https://ica-backend-js-stage.interfacechatbotapplication.chat/app/v1/ask-bot,6304,0,8
1711000960221,1256,Ask BOT,500,Internal Server Error,172.19.252.205:1099-Thread Group 1-5,text,false,,362,513,5,5,https://ica-backend-js-stage.interfacechatbotapplication.chat/app/v1/ask-bot,1256,0,0
1711000960232,1549,Ask BOT,500,Internal Server Error,172.19.252.205:1099-Thread Group 1-3,text,false,,362,513,5,5,https://ica-backend-js-stage.interfacechatbotapplication.chat/app/v1/ask-bot,1549,0,0
1711000960473,1506,Ask BOT,500,Internal Server Error,172.19.252.205:1099-Thread Group 1-2,text,false,,362,513,5,5,https://ica-backend-js-stage.interfacechatbotapplication.chat/app/v1/ask-bot,1506,0,0
1711000960677,1497,Ask BOT,500,Internal Server Error,172.19.252.205:1099-Thread Group 1-1,text,false,,362,513,5,5,https://ica-backend-js-stage.interfacechatbotapplication.chat/app/v1/ask-bot,1497,0,0
1711000961477,994,Ask BOT,500,Internal Server Error,172.19.252.205:1099-Thread Group 1-5,text,false,,362,513,5,5,https://ica-backend-js-stage.interfacechatbotapplication.chat/app/v1/ask-bot,994,0,0
1711000960227,2246,Ask BOT,500,Internal Server Error,172.19.252.205:1099-Thread Group 1-4,text,false,,362,513,5,5,https://ica-backend-js-stage.interfacechatbotapplication.chat/app/v1/ask-bot,2246,0,0
1711000961781,1297,Ask BOT,500,Internal Server Error,172.19.252.205:1099-Thread Group 1-3,text,false,,362,513,5,5,https://ica-backend-js-stage.interfacechatbotapplication.chat/app/v1/ask-bot,1297,0,0
1711000961979,1294,Ask BOT,500,Internal Server Error,172.19.252.205:1099-Thread Group 1-2,text,false,,362,513,5,5,https://ica-backend-js-stage.interfacechatbotapplication.chat/app/v1/ask-bot,1294,0,0
1711000962174,1100,Ask BOT,500,Internal Server Error,172.19.252.205:1099-Thread Group 1-1,text,false,,362,513,5,5,https://ica-backend-js-stage.interfacechatbotapplication.chat/app/v1/ask-bot,1100,0,0
1711000962471,1003,Ask BOT,500,Internal Server Error,172.19.252.205:1099-Thread Group 1-5,text,false,,362,513,5,5,https://ica-backend-js-stage.interfacechatbotapplication.chat/app/v1/ask-bot,1003,0,0
1711000962473,1002,Ask BOT,500,Internal Server Error,172.19.252.205:1099-Thread Group 1-4,text,false,,362,513,5,5,https://ica-backend-js-stage.interfacechatbotapplication.chat/app/v1/ask-bot,1002,0,0
1711000963078,998,Ask BOT,500,Internal Server Error,172.19.252.205:1099-Thread Group 1-3,text,false,,362,513,5,5,https://ica-backend-js-stage.interfacechatbotapplication.chat/app/v1/ask-bot,998,0,0
1711000963273,907,Ask BOT,500,Internal Server Error,172.19.252.205:1099-Thread Group 1-2,text,false,,362,513,5,5,https://ica-backend-js-stage.interfacechatbotapplication.chat/app/v1/ask-bot,907,0,0
1711000963274,907,Ask BOT,500,Internal Server Error,172.19.252.205:1099-Thread Group 1-1,text,false,,362,513,5,5,https://ica-backend-js-stage.interfacechatbotapplication.chat/app/v1/ask-bot,907,0,0
1711000963474,904,Ask BOT,500,Internal Server Error,172.19.252.205:1099-Thread Group 1-5,text,false,,362,513,5,5,https://ica-backend-js-stage.interfacechatbotapplication.chat/app/v1/ask-bot,904,0,0
1711000855174,50020,Ask BOT,Non HTTP response code: org.apache.http.NoHttpResponseException,Non HTTP response message: ica-backend-js-stage.interfacechatbotapplication.chat:443 failed to respond,172.19.252.204:1099-Thread Group 1-2,text,false,,2110,0,5,5,https://ica-backend-js-stage.interfacechatbotapplication.chat/app/v1/ask-bot,0,0,15
1711000855374,50017,Ask BOT,Non HTTP response code: org.apache.http.NoHttpResponseException,Non HTTP response message: ica-backend-js-stage.interfacechatbotapplication.chat:443 failed to respond,172.19.252.204:1099-Thread Group 1-3,text,false,,2110,0,5,5,https://ica-backend-js-stage.interfacechatbotapplication.chat/app/v1/ask-bot,0,0,13
1711000855574,50019,Ask BOT,Non HTTP response code: org.apache.http.NoHttpResponseException,Non HTTP response message: ica-backend-js-stage.interfacechatbotapplication.chat:443 failed to respond,172.19.252.204:1099-Thread Group 1-4,text,false,,2110,0,5,5,https://ica-backend-js-stage.interfacechatbotapplication.chat/app/v1/ask-bot,0,0,14
1711000855774,50022,Ask BOT,Non HTTP response code: org.apache.http.NoHttpResponseException,Non HTTP response message: ica-backend-js-stage.interfacechatbotapplication.chat:443 failed to respond,172.19.252.204:1099-Thread Group 1-5,text,false,,2110,0,5,5,https://ica-backend-js-stage.interfacechatbotapplication.chat/app/v1/ask-bot,0,0,17
1711000905797,35735,Ask BOT,500,Internal Server Error,172.19.252.204:1099-Thread Group 1-5,text,false,,362,513,5,5,https://ica-backend-js-stage.interfacechatbotapplication.chat/app/v1/ask-bot,35735,0,8
1711000905000,50020,Ask BOT,Non HTTP response code: org.apache.http.NoHttpResponseException,Non HTTP response message: ica-backend-js-stage.interfacechatbotapplication.chat:443 failed to respond,172.19.252.204:1099-Thread Group 1-1,text,false,,2110,0,5,5,https://ica-backend-js-stage.interfacechatbotapplication.chat/app/v1/ask-bot,0,0,15
1711000905195,50014,Ask BOT,Non HTTP response code: org.apache.http.NoHttpResponseException,Non HTTP response message: ica-backend-js-stage.interfacechatbotapplication.chat:443 failed to respond,172.19.252.204:1099-Thread Group 1-2,text,false,,2110,0,5,5,https://ica-backend-js-stage.interfacechatbotapplication.chat/app/v1/ask-bot,0,0,9
1711000905392,50013,Ask BOT,Non HTTP response code: org.apache.http.NoHttpResponseException,Non HTTP response message: ica-backend-js-stage.interfacechatbotapplication.chat:443 failed to respond,172.19.252.204:1099-Thread Group 1-3,text,false,,2110,0,5,5,https://ica-backend-js-stage.interfacechatbotapplication.chat/app/v1/ask-bot,0,0,8
1711000905594,50012,Ask BOT,Non HTTP response code: org.apache.http.NoHttpResponseException,Non HTTP response message: ica-backend-js-stage.interfacechatbotapplication.chat:443 failed to respond,172.19.252.204:1099-Thread Group 1-4,text,false,,2110,0,5,5,https://ica-backend-js-stage.interfacechatbotapplication.chat/app/v1/ask-bot,0,0,8
1711000955605,4621,Ask BOT,500,Internal Server Error,172.19.252.204:1099-Thread Group 1-4,text,false,,362,513,5,5,https://ica-backend-js-stage.interfacechatbotapplication.chat/app/v1/ask-bot,4621,0,16
1711000941532,18696,Ask BOT,500,Internal Server Error,172.19.252.204:1099-Thread Group 1-5,text,false,,362,513,5,5,https://ica-backend-js-stage.interfacechatbotapplication.chat/app/v1/ask-bot,18696,0,0
1711000955404,4871,Ask BOT,500,Internal Server Error,172.19.252.204:1099-Thread Group 1-3,text,false,,362,513,5,5,https://ica-backend-js-stage.interfacechatbotapplication.chat/app/v1/ask-bot,4871,0,15
1711000855192,50037,Ask BOT,Non HTTP response code: org.apache.http.NoHttpResponseException,Non HTTP response message: ica-backend-js-stage.interfacechatbotapplication.chat:443 failed to respond,172.19.252.203:1099-Thread Group 1-2,text,false,,2110,0,5,5,https://ica-backend-js-stage.interfacechatbotapplication.chat/app/v1/ask-bot,0,0,22
1711000955208,5165,Ask BOT,500,Internal Server Error,172.19.252.204:1099-Thread Group 1-2,text,false,,362,513,5,5,https://ica-backend-js-stage.interfacechatbotapplication.chat/app/v1/ask-bot,5165,0,8
1711000855393,50017,Ask BOT,Non HTTP response code: org.apache.http.NoHttpResponseException,Non HTTP response message: ica-backend-js-stage.interfacechatbotapplication.chat:443 failed to respond,172.19.252.203:1099-Thread Group 1-3,text,false,,2110,0,5,5,https://ica-backend-js-stage.interfacechatbotapplication.chat/app/v1/ask-bot,0,0,13
1711000955019,5655,Ask BOT,500,Internal Server Error,172.19.252.204:1099-Thread Group 1-1,text,false,,362,513,5,5,https://ica-backend-js-stage.interfacechatbotapplication.chat/app/v1/ask-bot,5655,0,9
1711000855593,50016,Ask BOT,Non HTTP response code: org.apache.http.NoHttpResponseException,Non HTTP response message: ica-backend-js-stage.interfacechatbotapplication.chat:443 failed to respond,172.19.252.203:1099-Thread Group 1-4,text,false,,2110,0,5,5,https://ica-backend-js-stage.interfacechatbotapplication.chat/app/v1/ask-bot,0,0,13
1711000960227,1253,Ask BOT,500,Internal Server Error,172.19.252.204:1099-Thread Group 1-4,text,false,,362,513,5,5,https://ica-backend-js-stage.interfacechatbotapplication.chat/app/v1/ask-bot,1253,0,0
1711000855793,50020,Ask BOT,Non HTTP response code: org.apache.http.NoHttpResponseException,Non HTTP response message: ica-backend-js-stage.interfacechatbotapplication.chat:443 failed to respond,172.19.252.203:1099-Thread Group 1-5,text,false,,2110,0,5,5,https://ica-backend-js-stage.interfacechatbotapplication.chat/app/v1/ask-bot,0,0,15
1711000960276,1507,Ask BOT,500,Internal Server Error,172.19.252.204:1099-Thread Group 1-3,text,false,,362,513,5,5,https://ica-backend-js-stage.interfacechatbotapplication.chat/app/v1/ask-bot,1507,0,0
1711000905015,50019,Ask BOT,Non HTTP response code: org.apache.http.NoHttpResponseException,Non HTTP response message: ica-backend-js-stage.interfacechatbotapplication.chat:443 failed to respond,172.19.252.203:1099-Thread Group 1-1,text,false,,2110,0,5,5,https://ica-backend-js-stage.interfacechatbotapplication.chat/app/v1/ask-bot,0,0,15
1711000960374,1602,Ask BOT,500,Internal Server Error,172.19.252.204:1099-Thread Group 1-2,text,false,,362,513,5,5,https://ica-backend-js-stage.interfacechatbotapplication.chat/app/v1/ask-bot,1602,0,0
1711000905229,50013,Ask BOT,Non HTTP response code: org.apache.http.NoHttpResponseException,Non HTTP response message: ica-backend-js-stage.interfacechatbotapplication.chat:443 failed to respond,172.19.252.203:1099-Thread Group 1-2,text,false,,2110,0,5,5,https://ica-backend-js-stage.interfacechatbotapplication.chat/app/v1/ask-bot,0,0,8
1711000960675,1499,Ask BOT,500,Internal Server Error,172.19.252.204:1099-Thread Group 1-1,text,false,,362,513,5,5,https://ica-backend-js-stage.interfacechatbotapplication.chat/app/v1/ask-bot,1499,0,0
1711000905410,50012,Ask BOT,Non HTTP response code: org.apache.http.NoHttpResponseException,Non HTTP response message: ica-backend-js-stage.interfacechatbotapplication.chat:443 failed to respond,172.19.252.203:1099-Thread Group 1-3,text,false,,2110,0,5,5,https://ica-backend-js-stage.interfacechatbotapplication.chat/app/v1/ask-bot,0,0,8
1711000961480,900,Ask BOT,500,Internal Server Error,172.19.252.204:1099-Thread Group 1-4,text,false,,362,513,5,5,https://ica-backend-js-stage.interfacechatbotapplication.chat/app/v1/ask-bot,900,0,0
1711000905610,50011,Ask BOT,Non HTTP response code: org.apache.http.NoHttpResponseException,Non HTTP response message: ica-backend-js-stage.interfacechatbotapplication.chat:443 failed to respond,172.19.252.203:1099-Thread Group 1-4,text,false,,2110,0,5,5,https://ica-backend-js-stage.interfacechatbotapplication.chat/app/v1/ask-bot,0,0,7
1711000960230,2246,Ask BOT,500,Internal Server Error,172.19.252.204:1099-Thread Group 1-5,text,false,,362,513,5,5,https://ica-backend-js-stage.interfacechatbotapplication.chat/app/v1/ask-bot,2246,0,0
1711000905813,50014,Ask BOT,Non HTTP response code: org.apache.http.NoHttpResponseException,Non HTTP response message: ica-backend-js-stage.interfacechatbotapplication.chat:443 failed to respond,172.19.252.203:1099-Thread Group 1-5,text,false,,2110,0,5,5,https://ica-backend-js-stage.interfacechatbotapplication.chat/app/v1/ask-bot,0,0,9
1711000961783,1390,Ask BOT,500,Internal Server Error,172.19.252.204:1099-Thread Group 1-3,text,false,,362,513,5,5,https://ica-backend-js-stage.interfacechatbotapplication.chat/app/v1/ask-bot,1390,0,0
1711000955826,4397,Ask BOT,500,Internal Server Error,172.19.252.203:1099-Thread Group 1-5,text,false,,362,513,5,5,https://ica-backend-js-stage.interfacechatbotapplication.chat/app/v1/ask-bot,4397,0,8
1711000961976,1199,Ask BOT,500,Internal Server Error,172.19.252.204:1099-Thread Group 1-2,text,false,,362,513,5,5,https://ica-backend-js-stage.interfacechatbotapplication.chat/app/v1/ask-bot,1199,0,0
1711000955620,4611,Ask BOT,500,Internal Server Error,172.19.252.203:1099-Thread Group 1-4,text,false,,362,513,5,5,https://ica-backend-js-stage.interfacechatbotapplication.chat/app/v1/ask-bot,4611,0,13
1711000962174,1102,Ask BOT,500,Internal Server Error,172.19.252.204:1099-Thread Group 1-1,text,false,,362,513,5,5,https://ica-backend-js-stage.interfacechatbotapplication.chat/app/v1/ask-bot,1102,0,0
1711000955421,4852,Ask BOT,500,Internal Server Error,172.19.252.203:1099-Thread Group 1-3,text,false,,362,513,5,5,https://ica-backend-js-stage.interfacechatbotapplication.chat/app/v1/ask-bot,4852,0,14
1711000962380,1194,Ask BOT,500,Internal Server Error,172.19.252.204:1099-Thread Group 1-4,text,false,,362,513,5,5,https://ica-backend-js-stage.interfacechatbotapplication.chat/app/v1/ask-bot,1194,0,0
1711000955241,5037,Ask BOT,500,Internal Server Error,172.19.252.203:1099-Thread Group 1-2,text,false,,362,513,5,5,https://ica-backend-js-stage.interfacechatbotapplication.chat/app/v1/ask-bot,5037,0,8
1711000962476,1402,Ask BOT,500,Internal Server Error,172.19.252.204:1099-Thread Group 1-5,text,false,,362,513,5,5,https://ica-backend-js-stage.interfacechatbotapplication.chat/app/v1/ask-bot,1402,0,0
1711000955033,5639,Ask BOT,500,Internal Server Error,172.19.252.203:1099-Thread Group 1-1,text,false,,362,513,5,5,https://ica-backend-js-stage.interfacechatbotapplication.chat/app/v1/ask-bot,5639,0,9
1711000963173,1006,Ask BOT,500,Internal Server Error,172.19.252.204:1099-Thread Group 1-3,text,false,,362,513,5,5,https://ica-backend-js-stage.interfacechatbotapplication.chat/app/v1/ask-bot,1006,0,0
1711000960223,1254,Ask BOT,500,Internal Server Error,172.19.252.203:1099-Thread Group 1-5,text,false,,362,513,5,5,https://ica-backend-js-stage.interfacechatbotapplication.chat/app/v1/ask-bot,1254,0,0
1711000963175,1005,Ask BOT,500,Internal Server Error,172.19.252.204:1099-Thread Group 1-2,text,false,,362,513,5,5,https://ica-backend-js-stage.interfacechatbotapplication.chat/app/v1/ask-bot,1005,0,0
1711000960273,1507,Ask BOT,500,Internal Server Error,172.19.252.203:1099-Thread Group 1-3,text,false,,362,513,5,5,https://ica-backend-js-stage.interfacechatbotapplication.chat/app/v1/ask-bot,1507,0,0
1711000963276,1101,Ask BOT,500,Internal Server Error,172.19.252.204:1099-Thread Group 1-1,text,false,,362,513,5,5,https://ica-backend-js-stage.interfacechatbotapplication.chat/app/v1/ask-bot,1101,0,0
1711000960278,1698,Ask BOT,500,Internal Server Error,172.19.252.203:1099-Thread Group 1-2,text,false,,362,513,5,5,https://ica-backend-js-stage.interfacechatbotapplication.chat/app/v1/ask-bot,1698,0,0
1711000963574,1200,Ask BOT,500,Internal Server Error,172.19.252.204:1099-Thread Group 1-4,text,false,,362,513,5,5,https://ica-backend-js-stage.interfacechatbotapplication.chat/app/v1/ask-bot,1200,0,0
1711000960672,1407,Ask BOT,500,Internal Server Error,172.19.252.203:1099-Thread Group 1-1,text,false,,362,513,5,5,https://ica-backend-js-stage.interfacechatbotapplication.chat/app/v1/ask-bot,1406,0,0
1711000963878,1599,Ask BOT,500,Internal Server Error,172.19.252.204:1099-Thread Group 1-5,text,false,,362,513,5,5,https://ica-backend-js-stage.interfacechatbotapplication.chat/app/v1/ask-bot,1599,0,0
1711000961477,904,Ask BOT,500,Internal Server Error,172.19.252.203:1099-Thread Group 1-5,text,false,,362,513,5,5,https://ica-backend-js-stage.interfacechatbotapplication.chat/app/v1/ask-bot,904,0,0
1711000960231,2245,Ask BOT,500,Internal Server Error,172.19.252.203:1099-Thread Group 1-4,text,false,,362,513,5,5,https://ica-backend-js-stage.interfacechatbotapplication.chat/app/v1/ask-bot,2245,0,0
1711000961780,1297,Ask BOT,500,Internal Server Error,172.19.252.203:1099-Thread Group 1-3,text,false,,362,513,5,5,https://ica-backend-js-stage.interfacechatbotapplication.chat/app/v1/ask-bot,1297,0,0
1711000962079,1196,Ask BOT,500,Internal Server Error,172.19.252.203:1099-Thread Group 1-1,text,false,,362,513,5,5,https://ica-backend-js-stage.interfacechatbotapplication.chat/app/v1/ask-bot,1196,0,0
1711000961976,1300,Ask BOT,500,Internal Server Error,172.19.252.203:1099-Thread Group 1-2,text,false,,362,513,5,5,https://ica-backend-js-stage.interfacechatbotapplication.chat/app/v1/ask-bot,1300,0,0
1711000962382,1095,Ask BOT,500,Internal Server Error,172.19.252.203:1099-Thread Group 1-5,text,false,,362,513,5,5,https://ica-backend-js-stage.interfacechatbotapplication.chat/app/v1/ask-bot,1095,0,0
1711000962476,1400,Ask BOT,500,Internal Server Error,172.19.252.203:1099-Thread Group 1-4,text,false,,362,513,5,5,https://ica-backend-js-stage.interfacechatbotapplication.chat/app/v1/ask-bot,1400,0,0
1711000963077,998,Ask BOT,500,Internal Server Error,172.19.252.203:1099-Thread Group 1-3,text,false,,362,513,5,5,https://ica-backend-js-stage.interfacechatbotapplication.chat/app/v1/ask-bot,998,0,0
1711000963276,1099,Ask BOT,500,Internal Server Error,172.19.252.203:1099-Thread Group 1-2,text,false,,362,513,5,5,https://ica-backend-js-stage.interfacechatbotapplication.chat/app/v1/ask-bot,1099,0,0
1711000963275,1105,Ask BOT,500,Internal Server Error,172.19.252.203:1099-Thread Group 1-1,text,false,,362,513,5,5,https://ica-backend-js-stage.interfacechatbotapplication.chat/app/v1/ask-bot,1105,0,0
1711000963477,904,Ask BOT,500,Internal Server Error,172.19.252.203:1099-Thread Group 1-5,text,false,,362,513,5,5,https://ica-backend-js-stage.interfacechatbotapplication.chat/app/v1/ask-bot,904,0,0
1711000963876,1601,Ask BOT,500,Internal Server Error,172.19.252.203:1099-Thread Group 1-4,text,false,,362,513,5,5,https://ica-backend-js-stage.interfacechatbotapplication.chat/app/v1/ask-bot,1601,0,0
1711000963475,902,Ask BOT,500,Internal Server Error,172.19.252.205:1099-Thread Group 1-4,text,false,,362,513,5,5,https://ica-backend-js-stage.interfacechatbotapplication.chat/app/v1/ask-bot,902,0,0
1711000964076,2002,Ask BOT,500,Internal Server Error,172.19.252.205:1099-Thread Group 1-3,text,false,,362,513,5,5,https://ica-backend-js-stage.interfacechatbotapplication.chat/app/v1/ask-bot,2002,0,0
1711000964181,2101,Ask BOT,500,Internal Server Error,172.19.252.205:1099-Thread Group 1-1,text,false,,362,513,5,5,https://ica-backend-js-stage.interfacechatbotapplication.chat/app/v1/ask-bot,2101,0,0
1711000964180,2104,Ask BOT,500,Internal Server Error,172.19.252.205:1099-Thread Group 1-2,text,false,,362,513,5,5,https://ica-backend-js-stage.interfacechatbotapplication.chat/app/v1/ask-bot,2104,0,0
1711000966078,801,Ask BOT,500,Internal Server Error,172.19.252.205:1099-Thread Group 1-3,text,false,,362,513,5,5,https://ica-backend-js-stage.interfacechatbotapplication.chat/app/v1/ask-bot,801,0,0
1711000964392,2682,Ask BOT,500,Internal Server Error,172.19.252.205:1099-Thread Group 1-4,text,false,,362,513,5,5,https://ica-backend-js-stage.interfacechatbotapplication.chat/app/v1/ask-bot,2682,0,0
1711000964402,2673,Ask BOT,500,Internal Server Error,172.19.252.205:1099-Thread Group 1-5,text,false,,362,513,5,5,https://ica-backend-js-stage.interfacechatbotapplication.chat/app/v1/ask-bot,2673,0,0
1711000966282,797,Ask BOT,500,Internal Server Error,172.19.252.205:1099-Thread Group 1-1,text,false,,362,513,5,5,https://ica-backend-js-stage.interfacechatbotapplication.chat/app/v1/ask-bot,797,0,0
1711000966879,1094,Ask BOT,500,Internal Server Error,172.19.252.205:1099-Thread Group 1-3,text,false,,362,513,5,5,https://ica-backend-js-stage.interfacechatbotapplication.chat/app/v1/ask-bot,1094,0,0
1711000966284,1690,Ask BOT,500,Internal Server Error,172.19.252.205:1099-Thread Group 1-2,text,false,,362,513,5,5,https://ica-backend-js-stage.interfacechatbotapplication.chat/app/v1/ask-bot,1690,0,0
1711000967074,901,Ask BOT,500,Internal Server Error,172.19.252.205:1099-Thread Group 1-4,text,false,,362,513,5,5,https://ica-backend-js-stage.interfacechatbotapplication.chat/app/v1/ask-bot,901,0,0
1711000967076,901,Ask BOT,500,Internal Server Error,172.19.252.205:1099-Thread Group 1-5,text,false,,362,513,5,5,https://ica-backend-js-stage.interfacechatbotapplication.chat/app/v1/ask-bot,901,0,0
1711000967079,1095,Ask BOT,500,Internal Server Error,172.19.252.205:1099-Thread Group 1-1,text,false,,362,513,5,5,https://ica-backend-js-stage.interfacechatbotapplication.chat/app/v1/ask-bot,1095,0,0
1711000967973,702,Ask BOT,500,Internal Server Error,172.19.252.205:1099-Thread Group 1-3,text,false,,362,513,5,5,https://ica-backend-js-stage.interfacechatbotapplication.chat/app/v1/ask-bot,702,0,0
1711000967974,702,Ask BOT,500,Internal Server Error,172.19.252.205:1099-Thread Group 1-2,text,false,,362,513,5,5,https://ica-backend-js-stage.interfacechatbotapplication.chat/app/v1/ask-bot,702,0,0
1711000967975,702,Ask BOT,500,Internal Server Error,172.19.252.205:1099-Thread Group 1-4,text,false,,362,513,5,5,https://ica-backend-js-stage.interfacechatbotapplication.chat/app/v1/ask-bot,702,0,0
1711000967977,903,Ask BOT,500,Internal Server Error,172.19.252.205:1099-Thread Group 1-5,text,false,,362,513,5,5,https://ica-backend-js-stage.interfacechatbotapplication.chat/app/v1/ask-bot,903,0,0
1711000968174,1104,Ask BOT,500,Internal Server Error,172.19.252.205:1099-Thread Group 1-1,text,false,,362,513,5,5,https://ica-backend-js-stage.interfacechatbotapplication.chat/app/v1/ask-bot,1104,0,0
1711000968675,1204,Ask BOT,500,Internal Server Error,172.19.252.205:1099-Thread Group 1-3,text,false,,362,513,5,5,https://ica-backend-js-stage.interfacechatbotapplication.chat/app/v1/ask-bot,1204,0,0
1711000968880,1002,Ask BOT,500,Internal Server Error,172.19.252.205:1099-Thread Group 1-5,text,false,,362,513,5,5,https://ica-backend-js-stage.interfacechatbotapplication.chat/app/v1/ask-bot,1002,0,0
1711000968676,1209,Ask BOT,500,Internal Server Error,172.19.252.205:1099-Thread Group 1-2,text,false,,362,513,5,5,https://ica-backend-js-stage.interfacechatbotapplication.chat/app/v1/ask-bot,1209,0,0
1711000968678,1295,Ask BOT,500,Internal Server Error,172.19.252.205:1099-Thread Group 1-4,text,false,,362,513,5,5,https://ica-backend-js-stage.interfacechatbotapplication.chat/app/v1/ask-bot,1295,0,0
1711000969279,1003,Ask BOT,500,Internal Server Error,172.19.252.205:1099-Thread Group 1-1,text,false,,362,513,5,5,https://ica-backend-js-stage.interfacechatbotapplication.chat/app/v1/ask-bot,1003,0,0
1711000969883,896,Ask BOT,500,Internal Server Error,172.19.252.205:1099-Thread Group 1-5,text,false,,362,513,5,5,https://ica-backend-js-stage.interfacechatbotapplication.chat/app/v1/ask-bot,896,0,0
1711000969880,997,Ask BOT,500,Internal Server Error,172.19.252.205:1099-Thread Group 1-3,text,false,,362,513,5,5,https://ica-backend-js-stage.interfacechatbotapplication.chat/app/v1/ask-bot,997,0,0
1711000969886,993,Ask BOT,500,Internal Server Error,172.19.252.205:1099-Thread Group 1-2,text,false,,362,513,5,5,https://ica-backend-js-stage.interfacechatbotapplication.chat/app/v1/ask-bot,993,0,0
1711000969974,1104,Ask BOT,500,Internal Server Error,172.19.252.205:1099-Thread Group 1-4,text,false,,362,513,5,5,https://ica-backend-js-stage.interfacechatbotapplication.chat/app/v1/ask-bot,1104,0,0
1711000970282,994,Ask BOT,500,Internal Server Error,172.19.252.205:1099-Thread Group 1-1,text,false,,362,513,5,5,https://ica-backend-js-stage.interfacechatbotapplication.chat/app/v1/ask-bot,994,0,0
1711000970779,896,Ask BOT,500,Internal Server Error,172.19.252.205:1099-Thread Group 1-5,text,false,,362,513,5,5,https://ica-backend-js-stage.interfacechatbotapplication.chat/app/v1/ask-bot,896,0,0
1711000970877,906,Ask BOT,500,Internal Server Error,172.19.252.205:1099-Thread Group 1-3,text,false,,362,513,5,5,https://ica-backend-js-stage.interfacechatbotapplication.chat/app/v1/ask-bot,906,0,0
1711000970879,994,Ask BOT,500,Internal Server Error,172.19.252.205:1099-Thread Group 1-2,text,false,,362,513,5,5,https://ica-backend-js-stage.interfacechatbotapplication.chat/app/v1/ask-bot,994,0,0
1711000971078,1002,Ask BOT,500,Internal Server Error,172.19.252.205:1099-Thread Group 1-4,text,false,,362,513,5,5,https://ica-backend-js-stage.interfacechatbotapplication.chat/app/v1/ask-bot,1002,0,0
1711000971276,1100,Ask BOT,500,Internal Server Error,172.19.252.205:1099-Thread Group 1-1,text,false,,362,513,5,5,https://ica-backend-js-stage.interfacechatbotapplication.chat/app/v1/ask-bot,1100,0,0
1711000971675,999,Ask BOT,500,Internal Server Error,172.19.252.205:1099-Thread Group 1-5,text,false,,362,513,5,5,https://ica-backend-js-stage.interfacechatbotapplication.chat/app/v1/ask-bot,998,0,0
1711000971783,892,Ask BOT,500,Internal Server Error,172.19.252.205:1099-Thread Group 1-3,text,false,,362,513,5,5,https://ica-backend-js-stage.interfacechatbotapplication.chat/app/v1/ask-bot,892,0,0
1711000971873,1008,Ask BOT,500,Internal Server Error,172.19.252.205:1099-Thread Group 1-2,text,false,,362,513,5,5,https://ica-backend-js-stage.interfacechatbotapplication.chat/app/v1/ask-bot,1008,0,0
1711000972080,803,Ask BOT,500,Internal Server Error,172.19.252.205:1099-Thread Group 1-4,text,false,,362,513,5,5,https://ica-backend-js-stage.interfacechatbotapplication.chat/app/v1/ask-bot,803,0,0
1711000972376,1097,Ask BOT,500,Internal Server Error,172.19.252.205:1099-Thread Group 1-1,text,false,,362,513,5,5,https://ica-backend-js-stage.interfacechatbotapplication.chat/app/v1/ask-bot,1097,0,0
1711000972674,905,Ask BOT,500,Internal Server Error,172.19.252.205:1099-Thread Group 1-5,text,false,,362,513,5,5,https://ica-backend-js-stage.interfacechatbotapplication.chat/app/v1/ask-bot,905,0,0
1711000972675,908,Ask BOT,500,Internal Server Error,172.19.252.205:1099-Thread Group 1-3,text,false,,362,513,5,5,https://ica-backend-js-stage.interfacechatbotapplication.chat/app/v1/ask-bot,908,0,0
1711000972883,997,Ask BOT,500,Internal Server Error,172.19.252.205:1099-Thread Group 1-4,text,false,,362,513,5,5,https://ica-backend-js-stage.interfacechatbotapplication.chat/app/v1/ask-bot,997,0,0
1711000972881,1094,Ask BOT,500,Internal Server Error,172.19.252.205:1099-Thread Group 1-2,text,false,,362,513,5,5,https://ica-backend-js-stage.interfacechatbotapplication.chat/app/v1/ask-bot,1094,0,0
1711000973473,1700,Ask BOT,500,Internal Server Error,172.19.252.205:1099-Thread Group 1-1,text,false,,362,513,5,5,https://ica-backend-js-stage.interfacechatbotapplication.chat/app/v1/ask-bot,1700,0,0
1711000973579,1598,Ask BOT,500,Internal Server Error,172.19.252.205:1099-Thread Group 1-5,text,false,,362,513,5,5,https://ica-backend-js-stage.interfacechatbotapplication.chat/app/v1/ask-bot,1598,0,0
1711000973880,1698,Ask BOT,500,Internal Server Error,172.19.252.205:1099-Thread Group 1-4,text,false,,362,513,5,5,https://ica-backend-js-stage.interfacechatbotapplication.chat/app/v1/ask-bot,1698,0,0
1711000973975,1901,Ask BOT,500,Internal Server Error,172.19.252.205:1099-Thread Group 1-2,text,false,,362,513,5,5,https://ica-backend-js-stage.interfacechatbotapplication.chat/app/v1/ask-bot,1901,0,0
1711000973583,2590,Ask BOT,500,Internal Server Error,172.19.252.205:1099-Thread Group 1-3,text,false,,362,513,5,5,https://ica-backend-js-stage.interfacechatbotapplication.chat/app/v1/ask-bot,2590,0,0
1711000975173,1006,Ask BOT,500,Internal Server Error,172.19.252.205:1099-Thread Group 1-1,text,false,,362,513,5,5,https://ica-backend-js-stage.interfacechatbotapplication.chat/app/v1/ask-bot,1006,0,0
1711000975177,1003,Ask BOT,500,Internal Server Error,172.19.252.205:1099-Thread Group 1-5,text,false,,362,513,5,5,https://ica-backend-js-stage.interfacechatbotapplication.chat/app/v1/ask-bot,1003,0,0
1711000975578,1097,Ask BOT,500,Internal Server Error,172.19.252.205:1099-Thread Group 1-4,text,false,,362,513,5,5,https://ica-backend-js-stage.interfacechatbotapplication.chat/app/v1/ask-bot,1097,0,0
1711000975876,1005,Ask BOT,500,Internal Server Error,172.19.252.205:1099-Thread Group 1-2,text,false,,362,513,5,5,https://ica-backend-js-stage.interfacechatbotapplication.chat/app/v1/ask-bot,1005,0,0
1711000976173,807,Ask BOT,500,Internal Server Error,172.19.252.205:1099-Thread Group 1-3,text,false,,362,513,5,5,https://ica-backend-js-stage.interfacechatbotapplication.chat/app/v1/ask-bot,807,0,0
1711000976179,897,Ask BOT,500,Internal Server Error,172.19.252.205:1099-Thread Group 1-1,text,false,,362,513,5,5,https://ica-backend-js-stage.interfacechatbotapplication.chat/app/v1/ask-bot,897,0,0
1711000976180,1100,Ask BOT,500,Internal Server Error,172.19.252.205:1099-Thread Group 1-5,text,false,,362,513,5,5,https://ica-backend-js-stage.interfacechatbotapplication.chat/app/v1/ask-bot,1100,0,0
1711000976676,904,Ask BOT,500,Internal Server Error,172.19.252.205:1099-Thread Group 1-4,text,false,,362,513,5,5,https://ica-backend-js-stage.interfacechatbotapplication.chat/app/v1/ask-bot,904,0,0
1711000976881,892,Ask BOT,500,Internal Server Error,172.19.252.205:1099-Thread Group 1-2,text,false,,362,513,5,5,https://ica-backend-js-stage.interfacechatbotapplication.chat/app/v1/ask-bot,892,0,0
1711000976980,794,Ask BOT,500,Internal Server Error,172.19.252.205:1099-Thread Group 1-3,text,false,,362,513,5,5,https://ica-backend-js-stage.interfacechatbotapplication.chat/app/v1/ask-bot,794,0,0
1711000977076,1080,Ask BOT,500,Internal Server Error,172.19.252.205:1099-Thread Group 1-1,text,false,,362,513,5,5,https://ica-backend-js-stage.interfacechatbotapplication.chat/app/v1/ask-bot,1080,0,0
1711000977281,896,Ask BOT,500,Internal Server Error,172.19.252.205:1099-Thread Group 1-5,text,false,,362,513,5,5,https://ica-backend-js-stage.interfacechatbotapplication.chat/app/v1/ask-bot,896,0,0
1711000978177,10425,Ask BOT,500,Internal Server Error,172.19.252.205:1099-Thread Group 1-5,text,false,,362,513,5,5,https://ica-backend-js-stage.interfacechatbotapplication.chat/app/v1/ask-bot,10425,0,0
1711000988602,4330,Ask BOT,500,Internal Server Error,172.19.252.205:1099-Thread Group 1-5,text,false,,362,513,5,5,https://ica-backend-js-stage.interfacechatbotapplication.chat/app/v1/ask-bot,4330,0,0
1711000977774,22873,Ask BOT,500,Internal Server Error,172.19.252.205:1099-Thread Group 1-3,text,false,,362,513,5,5,https://ica-backend-js-stage.interfacechatbotapplication.chat/app/v1/ask-bot,22873,0,0
1711000992933,9581,Ask BOT,500,Internal Server Error,172.19.252.205:1099-Thread Group 1-5,text,false,,362,513,5,5,https://ica-backend-js-stage.interfacechatbotapplication.chat/app/v1/ask-bot,9581,0,0
1711000977773,31353,Ask BOT,500,Internal Server Error,172.19.252.205:1099-Thread Group 1-2,text,false,,362,513,5,5,https://ica-backend-js-stage.interfacechatbotapplication.chat/app/v1/ask-bot,31353,0,0
1711000977580,50005,Ask BOT,Non HTTP response code: org.apache.http.NoHttpResponseException,Non HTTP response message: ica-backend-js-stage.interfacechatbotapplication.chat:443 failed to respond,172.19.252.205:1099-Thread Group 1-4,text,false,,2110,0,5,5,https://ica-backend-js-stage.interfacechatbotapplication.chat/app/v1/ask-bot,0,0,0
1711000964179,2105,Ask BOT,500,Internal Server Error,172.19.252.204:1099-Thread Group 1-3,text,false,,362,513,5,5,https://ica-backend-js-stage.interfacechatbotapplication.chat/app/v1/ask-bot,2105,0,0
1711000964180,2104,Ask BOT,500,Internal Server Error,172.19.252.204:1099-Thread Group 1-2,text,false,,362,513,5,5,https://ica-backend-js-stage.interfacechatbotapplication.chat/app/v1/ask-bot,2104,0,0
1711000964377,1910,Ask BOT,500,Internal Server Error,172.19.252.204:1099-Thread Group 1-1,text,false,,362,513,5,5,https://ica-backend-js-stage.interfacechatbotapplication.chat/app/v1/ask-bot,1910,0,0
1711000964774,1907,Ask BOT,500,Internal Server Error,172.19.252.204:1099-Thread Group 1-4,text,false,,362,513,5,5,https://ica-backend-js-stage.interfacechatbotapplication.chat/app/v1/ask-bot,1907,0,0
1711000965497,1278,Ask BOT,500,Internal Server Error,172.19.252.204:1099-Thread Group 1-5,text,false,,362,513,5,5,https://ica-backend-js-stage.interfacechatbotapplication.chat/app/v1/ask-bot,1278,0,0
1711000966284,797,Ask BOT,500,Internal Server Error,172.19.252.204:1099-Thread Group 1-2,text,false,,362,513,5,5,https://ica-backend-js-stage.interfacechatbotapplication.chat/app/v1/ask-bot,797,0,0
1711000966287,987,Ask BOT,500,Internal Server Error,172.19.252.204:1099-Thread Group 1-1,text,false,,362,513,5,5,https://ica-backend-js-stage.interfacechatbotapplication.chat/app/v1/ask-bot,987,0,0
1711000966284,990,Ask BOT,500,Internal Server Error,172.19.252.204:1099-Thread Group 1-3,text,false,,362,513,5,5,https://ica-backend-js-stage.interfacechatbotapplication.chat/app/v1/ask-bot,990,0,0
1711000966681,894,Ask BOT,500,Internal Server Error,172.19.252.204:1099-Thread Group 1-4,text,false,,362,513,5,5,https://ica-backend-js-stage.interfacechatbotapplication.chat/app/v1/ask-bot,894,0,0
1711000967081,1093,Ask BOT,500,Internal Server Error,172.19.252.204:1099-Thread Group 1-2,text,false,,362,513,5,5,https://ica-backend-js-stage.interfacechatbotapplication.chat/app/v1/ask-bot,1093,0,0
1711000967275,901,Ask BOT,500,Internal Server Error,172.19.252.204:1099-Thread Group 1-3,text,false,,362,513,5,5,https://ica-backend-js-stage.interfacechatbotapplication.chat/app/v1/ask-bot,901,0,0
1711000967274,903,Ask BOT,500,Internal Server Error,172.19.252.204:1099-Thread Group 1-1,text,false,,362,513,5,5,https://ica-backend-js-stage.interfacechatbotapplication.chat/app/v1/ask-bot,903,0,0
1711000964075,2096,Ask BOT,500,Internal Server Error,172.19.252.203:1099-Thread Group 1-3,text,false,,362,513,5,5,https://ica-backend-js-stage.interfacechatbotapplication.chat/app/v1/ask-bot,2096,0,0
1711000964375,1909,Ask BOT,500,Internal Server Error,172.19.252.203:1099-Thread Group 1-2,text,false,,362,513,5,5,https://ica-backend-js-stage.interfacechatbotapplication.chat/app/v1/ask-bot,1909,0,0
1711000964380,1992,Ask BOT,500,Internal Server Error,172.19.252.203:1099-Thread Group 1-1,text,false,,362,513,5,5,https://ica-backend-js-stage.interfacechatbotapplication.chat/app/v1/ask-bot,1992,0,0
1711000964382,1992,Ask BOT,500,Internal Server Error,172.19.252.203:1099-Thread Group 1-5,text,false,,362,513,5,5,https://ica-backend-js-stage.interfacechatbotapplication.chat/app/v1/ask-bot,1992,0,0
1711000965496,1279,Ask BOT,500,Internal Server Error,172.19.252.203:1099-Thread Group 1-4,text,false,,362,513,5,5,https://ica-backend-js-stage.interfacechatbotapplication.chat/app/v1/ask-bot,1279,0,0
1711000966171,905,Ask BOT,500,Internal Server Error,172.19.252.203:1099-Thread Group 1-3,text,false,,362,513,5,5,https://ica-backend-js-stage.interfacechatbotapplication.chat/app/v1/ask-bot,905,0,0
1711000963479,899,Ask BOT,500,Internal Server Error,172.19.252.206:1099-Thread Group 1-1,text,false,,362,513,5,5,https://ica-backend-js-stage.interfacechatbotapplication.chat/app/v1/ask-bot,899,0,0
1711000963572,1203,Ask BOT,500,Internal Server Error,172.19.252.206:1099-Thread Group 1-5,text,false,,362,513,5,5,https://ica-backend-js-stage.interfacechatbotapplication.chat/app/v1/ask-bot,1203,0,0
1711000963879,1597,Ask BOT,500,Internal Server Error,172.19.252.206:1099-Thread Group 1-4,text,false,,362,513,5,5,https://ica-backend-js-stage.interfacechatbotapplication.chat/app/v1/ask-bot,1597,0,0
1711000964178,1995,Ask BOT,500,Internal Server Error,172.19.252.206:1099-Thread Group 1-3,text,false,,362,513,5,5,https://ica-backend-js-stage.interfacechatbotapplication.chat/app/v1/ask-bot,1995,0,0
1711000964775,1998,Ask BOT,500,Internal Server Error,172.19.252.206:1099-Thread Group 1-5,text,false,,362,513,5,5,https://ica-backend-js-stage.interfacechatbotapplication.chat/app/v1/ask-bot,1998,0,0
1711000965476,1298,Ask BOT,500,Internal Server Error,172.19.252.206:1099-Thread Group 1-4,text,false,,362,513,5,5,https://ica-backend-js-stage.interfacechatbotapplication.chat/app/v1/ask-bot,1298,0,0
1711000964392,2681,Ask BOT,500,Internal Server Error,172.19.252.206:1099-Thread Group 1-1,text,false,,362,513,5,5,https://ica-backend-js-stage.interfacechatbotapplication.chat/app/v1/ask-bot,2681,0,0
1711000964399,2676,Ask BOT,500,Internal Server Error,172.19.252.206:1099-Thread Group 1-2,text,false,,362,513,5,5,https://ica-backend-js-stage.interfacechatbotapplication.chat/app/v1/ask-bot,2676,0,0
1711000966173,906,Ask BOT,500,Internal Server Error,172.19.252.206:1099-Thread Group 1-3,text,false,,362,513,5,5,https://ica-backend-js-stage.interfacechatbotapplication.chat/app/v1/ask-bot,906,0,0
1711000966773,800,Ask BOT,500,Internal Server Error,172.19.252.206:1099-Thread Group 1-5,text,false,,362,513,5,5,https://ica-backend-js-stage.interfacechatbotapplication.chat/app/v1/ask-bot,800,0,0
1711000967575,903,Ask BOT,500,Internal Server Error,172.19.252.204:1099-Thread Group 1-4,text,false,,362,513,5,5,https://ica-backend-js-stage.interfacechatbotapplication.chat/app/v1/ask-bot,903,0,0
1711000966775,1898,Ask BOT,500,Internal Server Error,172.19.252.204:1099-Thread Group 1-5,text,false,,362,513,5,5,https://ica-backend-js-stage.interfacechatbotapplication.chat/app/v1/ask-bot,1898,0,14
1711000966774,1004,Ask BOT,500,Internal Server Error,172.19.252.206:1099-Thread Group 1-4,text,false,,362,513,5,5,https://ica-backend-js-stage.interfacechatbotapplication.chat/app/v1/ask-bot,1004,0,0
1711000968174,799,Ask BOT,500,Internal Server Error,172.19.252.204:1099-Thread Group 1-2,text,false,,362,513,5,5,https://ica-backend-js-stage.interfacechatbotapplication.chat/app/v1/ask-bot,799,0,0
1711000967073,900,Ask BOT,500,Internal Server Error,172.19.252.206:1099-Thread Group 1-1,text,false,,362,513,5,5,https://ica-backend-js-stage.interfacechatbotapplication.chat/app/v1/ask-bot,900,0,0
1711000968177,1097,Ask BOT,500,Internal Server Error,172.19.252.204:1099-Thread Group 1-1,text,false,,362,513,5,5,https://ica-backend-js-stage.interfacechatbotapplication.chat/app/v1/ask-bot,1097,0,0
1711000967075,902,Ask BOT,500,Internal Server Error,172.19.252.206:1099-Thread Group 1-2,text,false,,362,513,5,5,https://ica-backend-js-stage.interfacechatbotapplication.chat/app/v1/ask-bot,902,0,0
1711000967079,1096,Ask BOT,500,Internal Server Error,172.19.252.206:1099-Thread Group 1-3,text,false,,362,513,5,5,https://ica-backend-js-stage.interfacechatbotapplication.chat/app/v1/ask-bot,1096,0,0
1711000967573,905,Ask BOT,500,Internal Server Error,172.19.252.206:1099-Thread Group 1-5,text,false,,362,513,5,5,https://ica-backend-js-stage.interfacechatbotapplication.chat/app/v1/ask-bot,905,0,0
1711000967778,804,Ask BOT,500,Internal Server Error,172.19.252.206:1099-Thread Group 1-4,text,false,,362,513,5,5,https://ica-backend-js-stage.interfacechatbotapplication.chat/app/v1/ask-bot,804,0,0
1711000967973,702,Ask BOT,500,Internal Server Error,172.19.252.206:1099-Thread Group 1-1,text,false,,362,513,5,5,https://ica-backend-js-stage.interfacechatbotapplication.chat/app/v1/ask-bot,702,0,0
1711000967977,904,Ask BOT,500,Internal Server Error,172.19.252.206:1099-Thread Group 1-2,text,false,,362,513,5,5,https://ica-backend-js-stage.interfacechatbotapplication.chat/app/v1/ask-bot,904,0,0
1711000968175,1102,Ask BOT,500,Internal Server Error,172.19.252.206:1099-Thread Group 1-3,text,false,,362,513,5,5,https://ica-backend-js-stage.interfacechatbotapplication.chat/app/v1/ask-bot,1102,0,0
1711000968478,1199,Ask BOT,500,Internal Server Error,172.19.252.206:1099-Thread Group 1-5,text,false,,362,513,5,5,https://ica-backend-js-stage.interfacechatbotapplication.chat/app/v1/ask-bot,1199,0,0
1711000968582,1096,Ask BOT,500,Internal Server Error,172.19.252.206:1099-Thread Group 1-4,text,false,,362,513,5,5,https://ica-backend-js-stage.interfacechatbotapplication.chat/app/v1/ask-bot,1096,0,0
1711000968675,1098,Ask BOT,500,Internal Server Error,172.19.252.206:1099-Thread Group 1-1,text,false,,362,513,5,5,https://ica-backend-js-stage.interfacechatbotapplication.chat/app/v1/ask-bot,1098,0,0
1711000968882,999,Ask BOT,500,Internal Server Error,172.19.252.206:1099-Thread Group 1-2,text,false,,362,513,5,5,https://ica-backend-js-stage.interfacechatbotapplication.chat/app/v1/ask-bot,999,0,0
1711000969277,1003,Ask BOT,500,Internal Server Error,172.19.252.206:1099-Thread Group 1-3,text,false,,362,513,5,5,https://ica-backend-js-stage.interfacechatbotapplication.chat/app/v1/ask-bot,1003,0,0
1711000969678,899,Ask BOT,500,Internal Server Error,172.19.252.206:1099-Thread Group 1-4,text,false,,362,513,5,5,https://ica-backend-js-stage.interfacechatbotapplication.chat/app/v1/ask-bot,899,0,0
1711000969677,903,Ask BOT,500,Internal Server Error,172.19.252.206:1099-Thread Group 1-5,text,false,,362,513,5,5,https://ica-backend-js-stage.interfacechatbotapplication.chat/app/v1/ask-bot,903,0,0
1711000969881,991,Ask BOT,500,Internal Server Error,172.19.252.206:1099-Thread Group 1-2,text,false,,362,513,5,5,https://ica-backend-js-stage.interfacechatbotapplication.chat/app/v1/ask-bot,991,0,0
1711000969774,1099,Ask BOT,500,Internal Server Error,172.19.252.206:1099-Thread Group 1-1,text,false,,362,513,5,5,https://ica-backend-js-stage.interfacechatbotapplication.chat/app/v1/ask-bot,1099,0,0
1711000970280,993,Ask BOT,500,Internal Server Error,172.19.252.206:1099-Thread Group 1-3,text,false,,362,513,5,5,https://ica-backend-js-stage.interfacechatbotapplication.chat/app/v1/ask-bot,993,0,0
1711000970577,904,Ask BOT,500,Internal Server Error,172.19.252.206:1099-Thread Group 1-4,text,false,,362,513,5,5,https://ica-backend-js-stage.interfacechatbotapplication.chat/app/v1/ask-bot,904,0,0
1711000970580,1002,Ask BOT,500,Internal Server Error,172.19.252.206:1099-Thread Group 1-5,text,false,,362,513,5,5,https://ica-backend-js-stage.interfacechatbotapplication.chat/app/v1/ask-bot,1002,0,0
1711000970872,803,Ask BOT,500,Internal Server Error,172.19.252.206:1099-Thread Group 1-2,text,false,,362,513,5,5,https://ica-backend-js-stage.interfacechatbotapplication.chat/app/v1/ask-bot,803,0,0
1711000966372,902,Ask BOT,500,Internal Server Error,172.19.252.203:1099-Thread Group 1-1,text,false,,362,513,5,5,https://ica-backend-js-stage.interfacechatbotapplication.chat/app/v1/ask-bot,902,0,0
1711000970873,803,Ask BOT,500,Internal Server Error,172.19.252.206:1099-Thread Group 1-1,text,false,,362,513,5,5,https://ica-backend-js-stage.interfacechatbotapplication.chat/app/v1/ask-bot,803,0,0
1711000966374,901,Ask BOT,500,Internal Server Error,172.19.252.203:1099-Thread Group 1-5,text,false,,362,513,5,5,https://ica-backend-js-stage.interfacechatbotapplication.chat/app/v1/ask-bot,901,0,0
1711000971273,900,Ask BOT,500,Internal Server Error,172.19.252.206:1099-Thread Group 1-3,text,false,,362,513,5,5,https://ica-backend-js-stage.interfacechatbotapplication.chat/app/v1/ask-bot,900,0,0
1711000966775,1001,Ask BOT,500,Internal Server Error,172.19.252.203:1099-Thread Group 1-4,text,false,,362,513,5,5,https://ica-backend-js-stage.interfacechatbotapplication.chat/app/v1/ask-bot,1001,0,0
1711000971481,996,Ask BOT,500,Internal Server Error,172.19.252.206:1099-Thread Group 1-4,text,false,,362,513,5,5,https://ica-backend-js-stage.interfacechatbotapplication.chat/app/v1/ask-bot,996,0,0
1711000966284,1690,Ask BOT,500,Internal Server Error,172.19.252.203:1099-Thread Group 1-2,text,false,,362,513,5,5,https://ica-backend-js-stage.interfacechatbotapplication.chat/app/v1/ask-bot,1690,0,0
1711000971582,898,Ask BOT,500,Internal Server Error,172.19.252.206:1099-Thread Group 1-5,text,false,,362,513,5,5,https://ica-backend-js-stage.interfacechatbotapplication.chat/app/v1/ask-bot,898,0,0
1711000967076,901,Ask BOT,500,Internal Server Error,172.19.252.203:1099-Thread Group 1-3,text,false,,362,513,5,5,https://ica-backend-js-stage.interfacechatbotapplication.chat/app/v1/ask-bot,901,0,0
1711000967275,1007,Ask BOT,500,Internal Server Error,172.19.252.203:1099-Thread Group 1-5,text,false,,362,513,5,5,https://ica-backend-js-stage.interfacechatbotapplication.chat/app/v1/ask-bot,1007,0,0
1711000971675,996,Ask BOT,500,Internal Server Error,172.19.252.206:1099-Thread Group 1-2,text,false,,362,513,5,5,https://ica-backend-js-stage.interfacechatbotapplication.chat/app/v1/ask-bot,996,0,0
1711000967274,1097,Ask BOT,500,Internal Server Error,172.19.252.203:1099-Thread Group 1-1,text,false,,362,513,5,5,https://ica-backend-js-stage.interfacechatbotapplication.chat/app/v1/ask-bot,1097,0,0
1711000971676,1000,Ask BOT,500,Internal Server Error,172.19.252.206:1099-Thread Group 1-1,text,false,,362,513,5,5,https://ica-backend-js-stage.interfacechatbotapplication.chat/app/v1/ask-bot,1000,0,0
1711000967776,897,Ask BOT,500,Internal Server Error,172.19.252.203:1099-Thread Group 1-4,text,false,,362,513,5,5,https://ica-backend-js-stage.interfacechatbotapplication.chat/app/v1/ask-bot,897,0,0
1711000972173,1100,Ask BOT,500,Internal Server Error,172.19.252.206:1099-Thread Group 1-3,text,false,,362,513,5,5,https://ica-backend-js-stage.interfacechatbotapplication.chat/app/v1/ask-bot,1100,0,0
1711000967974,702,Ask BOT,500,Internal Server Error,172.19.252.203:1099-Thread Group 1-2,text,false,,362,513,5,5,https://ica-backend-js-stage.interfacechatbotapplication.chat/app/v1/ask-bot,702,0,0
1711000972478,995,Ask BOT,500,Internal Server Error,172.19.252.206:1099-Thread Group 1-4,text,false,,362,513,5,5,https://ica-backend-js-stage.interfacechatbotapplication.chat/app/v1/ask-bot,995,0,0
1711000967978,901,Ask BOT,500,Internal Server Error,172.19.252.203:1099-Thread Group 1-3,text,false,,362,513,5,5,https://ica-backend-js-stage.interfacechatbotapplication.chat/app/v1/ask-bot,901,0,0
1711000972480,1098,Ask BOT,500,Internal Server Error,172.19.252.206:1099-Thread Group 1-5,text,false,,362,513,5,5,https://ica-backend-js-stage.interfacechatbotapplication.chat/app/v1/ask-bot,1098,0,0
1711000968282,996,Ask BOT,500,Internal Server Error,172.19.252.203:1099-Thread Group 1-5,text,false,,362,513,5,5,https://ica-backend-js-stage.interfacechatbotapplication.chat/app/v1/ask-bot,996,0,0
1711000968371,1103,Ask BOT,500,Internal Server Error,172.19.252.203:1099-Thread Group 1-1,text,false,,362,513,5,5,https://ica-backend-js-stage.interfacechatbotapplication.chat/app/v1/ask-bot,1103,0,0
1711000972672,908,Ask BOT,500,Internal Server Error,172.19.252.206:1099-Thread Group 1-2,text,false,,362,513,5,5,https://ica-backend-js-stage.interfacechatbotapplication.chat/app/v1/ask-bot,908,0,0
1711000972676,1202,Ask BOT,500,Internal Server Error,172.19.252.206:1099-Thread Group 1-1,text,false,,362,513,5,5,https://ica-backend-js-stage.interfacechatbotapplication.chat/app/v1/ask-bot,1202,0,0
1711000973273,1707,Ask BOT,500,Internal Server Error,172.19.252.206:1099-Thread Group 1-3,text,false,,362,513,5,5,https://ica-backend-js-stage.interfacechatbotapplication.chat/app/v1/ask-bot,1707,0,0
1711000973474,1700,Ask BOT,500,Internal Server Error,172.19.252.206:1099-Thread Group 1-4,text,false,,362,513,5,5,https://ica-backend-js-stage.interfacechatbotapplication.chat/app/v1/ask-bot,1700,0,0
1711000973578,1598,Ask BOT,500,Internal Server Error,172.19.252.206:1099-Thread Group 1-5,text,false,,362,513,5,5,https://ica-backend-js-stage.interfacechatbotapplication.chat/app/v1/ask-bot,1598,0,0
1711000973580,1598,Ask BOT,500,Internal Server Error,172.19.252.206:1099-Thread Group 1-2,text,false,,362,513,5,5,https://ica-backend-js-stage.interfacechatbotapplication.chat/app/v1/ask-bot,1598,0,0
1711000973878,1700,Ask BOT,500,Internal Server Error,172.19.252.206:1099-Thread Group 1-1,text,false,,362,513,5,5,https://ica-backend-js-stage.interfacechatbotapplication.chat/app/v1/ask-bot,1700,0,0
1711000974980,1192,Ask BOT,500,Internal Server Error,172.19.252.206:1099-Thread Group 1-3,text,false,,362,513,5,5,https://ica-backend-js-stage.interfacechatbotapplication.chat/app/v1/ask-bot,1192,0,0
1711000975175,1001,Ask BOT,500,Internal Server Error,172.19.252.206:1099-Thread Group 1-4,text,false,,362,513,5,5,https://ica-backend-js-stage.interfacechatbotapplication.chat/app/v1/ask-bot,1001,0,0
1711000975176,1003,Ask BOT,500,Internal Server Error,172.19.252.206:1099-Thread Group 1-5,text,false,,362,513,5,5,https://ica-backend-js-stage.interfacechatbotapplication.chat/app/v1/ask-bot,1003,0,0
1711000975179,1002,Ask BOT,500,Internal Server Error,172.19.252.206:1099-Thread Group 1-2,text,false,,362,513,5,5,https://ica-backend-js-stage.interfacechatbotapplication.chat/app/v1/ask-bot,1002,0,0
1711000975578,1095,Ask BOT,500,Internal Server Error,172.19.252.206:1099-Thread Group 1-1,text,false,,362,513,5,5,https://ica-backend-js-stage.interfacechatbotapplication.chat/app/v1/ask-bot,1095,0,0
1711000976172,809,Ask BOT,500,Internal Server Error,172.19.252.206:1099-Thread Group 1-3,text,false,,362,513,5,5,https://ica-backend-js-stage.interfacechatbotapplication.chat/app/v1/ask-bot,809,0,0
1711000976176,897,Ask BOT,500,Internal Server Error,172.19.252.206:1099-Thread Group 1-4,text,false,,362,513,5,5,https://ica-backend-js-stage.interfacechatbotapplication.chat/app/v1/ask-bot,897,0,0
1711000976181,1098,Ask BOT,500,Internal Server Error,172.19.252.206:1099-Thread Group 1-2,text,false,,362,513,5,5,https://ica-backend-js-stage.interfacechatbotapplication.chat/app/v1/ask-bot,1098,0,0
1711000976179,1102,Ask BOT,500,Internal Server Error,172.19.252.206:1099-Thread Group 1-5,text,false,,362,513,5,5,https://ica-backend-js-stage.interfacechatbotapplication.chat/app/v1/ask-bot,1102,0,0
1711000976673,908,Ask BOT,500,Internal Server Error,172.19.252.206:1099-Thread Group 1-1,text,false,,362,513,5,5,https://ica-backend-js-stage.interfacechatbotapplication.chat/app/v1/ask-bot,908,0,0
1711000976981,794,Ask BOT,500,Internal Server Error,172.19.252.206:1099-Thread Group 1-3,text,false,,362,513,5,5,https://ica-backend-js-stage.interfacechatbotapplication.chat/app/v1/ask-bot,794,0,0
1711000977073,905,Ask BOT,500,Internal Server Error,172.19.252.206:1099-Thread Group 1-4,text,false,,362,513,5,5,https://ica-backend-js-stage.interfacechatbotapplication.chat/app/v1/ask-bot,905,0,0
1711000977279,899,Ask BOT,500,Internal Server Error,172.19.252.206:1099-Thread Group 1-2,text,false,,362,513,5,5,https://ica-backend-js-stage.interfacechatbotapplication.chat/app/v1/ask-bot,899,0,0
1711000968176,1101,Ask BOT,500,Internal Server Error,172.19.252.204:1099-Thread Group 1-3,text,false,,362,513,5,5,https://ica-backend-js-stage.interfacechatbotapplication.chat/app/v1/ask-bot,1101,0,0
1711000977281,898,Ask BOT,500,Internal Server Error,172.19.252.206:1099-Thread Group 1-5,text,false,,362,513,5,5,https://ica-backend-js-stage.interfacechatbotapplication.chat/app/v1/ask-bot,898,0,0
1711000968478,1197,Ask BOT,500,Internal Server Error,172.19.252.204:1099-Thread Group 1-4,text,false,,362,513,5,5,https://ica-backend-js-stage.interfacechatbotapplication.chat/app/v1/ask-bot,1197,0,0
1711000977582,15343,Ask BOT,500,Internal Server Error,172.19.252.206:1099-Thread Group 1-1,text,false,,362,513,5,5,https://ica-backend-js-stage.interfacechatbotapplication.chat/app/v1/ask-bot,15343,0,0
1711000968674,1005,Ask BOT,500,Internal Server Error,172.19.252.204:1099-Thread Group 1-5,text,false,,362,513,5,5,https://ica-backend-js-stage.interfacechatbotapplication.chat/app/v1/ask-bot,1005,0,0
1711000977978,14956,Ask BOT,500,Internal Server Error,172.19.252.206:1099-Thread Group 1-4,text,false,,362,513,5,5,https://ica-backend-js-stage.interfacechatbotapplication.chat/app/v1/ask-bot,14956,0,0
1711000968973,1204,Ask BOT,500,Internal Server Error,172.19.252.204:1099-Thread Group 1-2,text,false,,362,513,5,5,https://ica-backend-js-stage.interfacechatbotapplication.chat/app/v1/ask-bot,1203,0,0
1711000992924,5588,Ask BOT,500,Internal Server Error,172.19.252.206:1099-Thread Group 1-1,text,false,,362,513,5,5,https://ica-backend-js-stage.interfacechatbotapplication.chat/app/v1/ask-bot,5588,0,0
1711000969274,903,Ask BOT,500,Internal Server Error,172.19.252.204:1099-Thread Group 1-1,text,false,,362,513,5,5,https://ica-backend-js-stage.interfacechatbotapplication.chat/app/v1/ask-bot,903,0,0
1711000992933,13819,Ask BOT,500,Internal Server Error,172.19.252.206:1099-Thread Group 1-4,text,false,,362,513,5,5,https://ica-backend-js-stage.interfacechatbotapplication.chat/app/v1/ask-bot,13819,0,0
1711000969277,1004,Ask BOT,500,Internal Server Error,172.19.252.204:1099-Thread Group 1-3,text,false,,362,513,5,5,https://ica-backend-js-stage.interfacechatbotapplication.chat/app/v1/ask-bot,1004,0,0
1711000998512,10616,Ask BOT,500,Internal Server Error,172.19.252.206:1099-Thread Group 1-1,text,false,,362,513,5,5,https://ica-backend-js-stage.interfacechatbotapplication.chat/app/v1/ask-bot,10616,0,0
1711000968673,1099,Ask BOT,500,Internal Server Error,172.19.252.203:1099-Thread Group 1-4,text,false,,362,513,5,5,https://ica-backend-js-stage.interfacechatbotapplication.chat/app/v1/ask-bot,1099,0,0
1711000968879,1004,Ask BOT,500,Internal Server Error,172.19.252.203:1099-Thread Group 1-3,text,false,,362,513,5,5,https://ica-backend-js-stage.interfacechatbotapplication.chat/app/v1/ask-bot,1004,0,0
1711000968676,1298,Ask BOT,500,Internal Server Error,172.19.252.203:1099-Thread Group 1-2,text,false,,362,513,5,5,https://ica-backend-js-stage.interfacechatbotapplication.chat/app/v1/ask-bot,1298,0,0
1711000969278,1095,Ask BOT,500,Internal Server Error,172.19.252.203:1099-Thread Group 1-5,text,false,,362,513,5,5,https://ica-backend-js-stage.interfacechatbotapplication.chat/app/v1/ask-bot,1095,0,0
1711000969675,906,Ask BOT,500,Internal Server Error,172.19.252.204:1099-Thread Group 1-4,text,false,,362,513,5,5,https://ica-backend-js-stage.interfacechatbotapplication.chat/app/v1/ask-bot,906,0,0
1711000969475,1103,Ask BOT,500,Internal Server Error,172.19.252.203:1099-Thread Group 1-1,text,false,,362,513,5,5,https://ica-backend-js-stage.interfacechatbotapplication.chat/app/v1/ask-bot,1103,0,0
1711000969772,1102,Ask BOT,500,Internal Server Error,172.19.252.203:1099-Thread Group 1-4,text,false,,362,513,5,5,https://ica-backend-js-stage.interfacechatbotapplication.chat/app/v1/ask-bot,1102,0,0
1711000969679,902,Ask BOT,500,Internal Server Error,172.19.252.204:1099-Thread Group 1-5,text,false,,362,513,5,5,https://ica-backend-js-stage.interfacechatbotapplication.chat/app/v1/ask-bot,902,0,0
1711000969884,992,Ask BOT,500,Internal Server Error,172.19.252.203:1099-Thread Group 1-3,text,false,,362,513,5,5,https://ica-backend-js-stage.interfacechatbotapplication.chat/app/v1/ask-bot,992,0,0
1711000970177,1004,Ask BOT,500,Internal Server Error,172.19.252.204:1099-Thread Group 1-1,text,false,,362,513,5,5,https://ica-backend-js-stage.interfacechatbotapplication.chat/app/v1/ask-bot,1004,0,0
1711000969974,1102,Ask BOT,500,Internal Server Error,172.19.252.203:1099-Thread Group 1-2,text,false,,362,513,5,5,https://ica-backend-js-stage.interfacechatbotapplication.chat/app/v1/ask-bot,1102,0,0
1711000970177,1005,Ask BOT,500,Internal Server Error,172.19.252.204:1099-Thread Group 1-2,text,false,,362,513,5,5,https://ica-backend-js-stage.interfacechatbotapplication.chat/app/v1/ask-bot,1005,0,0
1711000970373,1106,Ask BOT,500,Internal Server Error,172.19.252.203:1099-Thread Group 1-5,text,false,,362,513,5,5,https://ica-backend-js-stage.interfacechatbotapplication.chat/app/v1/ask-bot,1106,0,0
1711000970578,1003,Ask BOT,500,Internal Server Error,172.19.252.203:1099-Thread Group 1-1,text,false,,362,513,5,5,https://ica-backend-js-stage.interfacechatbotapplication.chat/app/v1/ask-bot,1003,0,0
1711000970874,802,Ask BOT,500,Internal Server Error,172.19.252.203:1099-Thread Group 1-4,text,false,,362,513,5,5,https://ica-backend-js-stage.interfacechatbotapplication.chat/app/v1/ask-bot,802,0,0
1711000970281,994,Ask BOT,500,Internal Server Error,172.19.252.204:1099-Thread Group 1-3,text,false,,362,513,5,5,https://ica-backend-js-stage.interfacechatbotapplication.chat/app/v1/ask-bot,994,0,0
1711000970876,905,Ask BOT,500,Internal Server Error,172.19.252.203:1099-Thread Group 1-3,text,false,,362,513,5,5,https://ica-backend-js-stage.interfacechatbotapplication.chat/app/v1/ask-bot,905,0,0
1711000970581,1003,Ask BOT,500,Internal Server Error,172.19.252.204:1099-Thread Group 1-4,text,false,,362,513,5,5,https://ica-backend-js-stage.interfacechatbotapplication.chat/app/v1/ask-bot,1003,0,0
1711000971076,1003,Ask BOT,500,Internal Server Error,172.19.252.203:1099-Thread Group 1-2,text,false,,362,513,5,5,https://ica-backend-js-stage.interfacechatbotapplication.chat/app/v1/ask-bot,1003,0,0
1711000970581,1092,Ask BOT,500,Internal Server Error,172.19.252.204:1099-Thread Group 1-5,text,false,,362,513,5,5,https://ica-backend-js-stage.interfacechatbotapplication.chat/app/v1/ask-bot,1092,0,0
1711000971479,999,Ask BOT,500,Internal Server Error,172.19.252.203:1099-Thread Group 1-5,text,false,,362,513,5,5,https://ica-backend-js-stage.interfacechatbotapplication.chat/app/v1/ask-bot,998,0,0
1711000971181,901,Ask BOT,500,Internal Server Error,172.19.252.204:1099-Thread Group 1-1,text,false,,362,513,5,5,https://ica-backend-js-stage.interfacechatbotapplication.chat/app/v1/ask-bot,901,0,0
1711000971581,899,Ask BOT,500,Internal Server Error,172.19.252.203:1099-Thread Group 1-1,text,false,,362,513,5,5,https://ica-backend-js-stage.interfacechatbotapplication.chat/app/v1/ask-bot,899,0,0
1711000971182,990,Ask BOT,500,Internal Server Error,172.19.252.204:1099-Thread Group 1-2,text,false,,362,513,5,5,https://ica-backend-js-stage.interfacechatbotapplication.chat/app/v1/ask-bot,990,0,0
1711000971781,893,Ask BOT,500,Internal Server Error,172.19.252.203:1099-Thread Group 1-3,text,false,,362,513,5,5,https://ica-backend-js-stage.interfacechatbotapplication.chat/app/v1/ask-bot,893,0,0
1711000971275,1102,Ask BOT,500,Internal Server Error,172.19.252.204:1099-Thread Group 1-3,text,false,,362,513,5,5,https://ica-backend-js-stage.interfacechatbotapplication.chat/app/v1/ask-bot,1102,0,0
1711000971676,1000,Ask BOT,500,Internal Server Error,172.19.252.203:1099-Thread Group 1-4,text,false,,362,513,5,5,https://ica-backend-js-stage.interfacechatbotapplication.chat/app/v1/ask-bot,1000,0,0
1711000971584,898,Ask BOT,500,Internal Server Error,172.19.252.204:1099-Thread Group 1-4,text,false,,362,513,5,5,https://ica-backend-js-stage.interfacechatbotapplication.chat/app/v1/ask-bot,898,0,0
1711000972080,802,Ask BOT,500,Internal Server Error,172.19.252.203:1099-Thread Group 1-2,text,false,,362,513,5,5,https://ica-backend-js-stage.interfacechatbotapplication.chat/app/v1/ask-bot,802,0,0
1711000971673,810,Ask BOT,500,Internal Server Error,172.19.252.204:1099-Thread Group 1-5,text,false,,362,513,5,5,https://ica-backend-js-stage.interfacechatbotapplication.chat/app/v1/ask-bot,810,0,0
1711000972479,995,Ask BOT,500,Internal Server Error,172.19.252.203:1099-Thread Group 1-5,text,false,,362,513,5,5,https://ica-backend-js-stage.interfacechatbotapplication.chat/app/v1/ask-bot,995,0,0
1711000972082,798,Ask BOT,500,Internal Server Error,172.19.252.204:1099-Thread Group 1-1,text,false,,362,513,5,5,https://ica-backend-js-stage.interfacechatbotapplication.chat/app/v1/ask-bot,798,0,0
1711000972481,1096,Ask BOT,500,Internal Server Error,172.19.252.203:1099-Thread Group 1-1,text,false,,362,513,5,5,https://ica-backend-js-stage.interfacechatbotapplication.chat/app/v1/ask-bot,1096,0,0
1711000972172,1007,Ask BOT,500,Internal Server Error,172.19.252.204:1099-Thread Group 1-2,text,false,,362,513,5,5,https://ica-backend-js-stage.interfacechatbotapplication.chat/app/v1/ask-bot,1007,0,0
1711000972675,997,Ask BOT,500,Internal Server Error,172.19.252.203:1099-Thread Group 1-3,text,false,,362,513,5,5,https://ica-backend-js-stage.interfacechatbotapplication.chat/app/v1/ask-bot,997,0,0
1711000972677,1200,Ask BOT,500,Internal Server Error,172.19.252.203:1099-Thread Group 1-4,text,false,,362,513,5,5,https://ica-backend-js-stage.interfacechatbotapplication.chat/app/v1/ask-bot,1200,0,0
1711000972882,1091,Ask BOT,500,Internal Server Error,172.19.252.203:1099-Thread Group 1-2,text,false,,362,513,5,5,https://ica-backend-js-stage.interfacechatbotapplication.chat/app/v1/ask-bot,1091,0,0
1711000977775,50005,Ask BOT,Non HTTP response code: org.apache.http.NoHttpResponseException,Non HTTP response message: ica-backend-js-stage.interfacechatbotapplication.chat:443 failed to respond,172.19.252.206:1099-Thread Group 1-3,text,false,,2110,0,5,5,https://ica-backend-js-stage.interfacechatbotapplication.chat/app/v1/ask-bot,0,0,0
1711000972377,999,Ask BOT,500,Internal Server Error,172.19.252.204:1099-Thread Group 1-3,text,false,,362,513,5,5,https://ica-backend-js-stage.interfacechatbotapplication.chat/app/v1/ask-bot,999,0,0
1711000972483,1099,Ask BOT,500,Internal Server Error,172.19.252.204:1099-Thread Group 1-5,text,false,,362,513,5,5,https://ica-backend-js-stage.interfacechatbotapplication.chat/app/v1/ask-bot,1099,0,0
1711000973577,1597,Ask BOT,500,Internal Server Error,172.19.252.203:1099-Thread Group 1-1,text,false,,362,513,5,5,https://ica-backend-js-stage.interfacechatbotapplication.chat/app/v1/ask-bot,1597,0,0
1711000972482,1100,Ask BOT,500,Internal Server Error,172.19.252.204:1099-Thread Group 1-4,text,false,,362,513,5,5,https://ica-backend-js-stage.interfacechatbotapplication.chat/app/v1/ask-bot,1100,0,0
1711000973475,1700,Ask BOT,500,Internal Server Error,172.19.252.203:1099-Thread Group 1-5,text,false,,362,513,5,5,https://ica-backend-js-stage.interfacechatbotapplication.chat/app/v1/ask-bot,1700,0,0
1711000972880,1095,Ask BOT,500,Internal Server Error,172.19.252.204:1099-Thread Group 1-1,text,false,,362,513,5,5,https://ica-backend-js-stage.interfacechatbotapplication.chat/app/v1/ask-bot,1095,0,0
1711000973672,1905,Ask BOT,500,Internal Server Error,172.19.252.203:1099-Thread Group 1-3,text,false,,362,513,5,5,https://ica-backend-js-stage.interfacechatbotapplication.chat/app/v1/ask-bot,1905,0,0
1711000973179,1698,Ask BOT,500,Internal Server Error,172.19.252.204:1099-Thread Group 1-2,text,false,,362,513,5,5,https://ica-backend-js-stage.interfacechatbotapplication.chat/app/v1/ask-bot,1698,0,0
1711000973877,1703,Ask BOT,500,Internal Server Error,172.19.252.203:1099-Thread Group 1-4,text,false,,362,513,5,5,https://ica-backend-js-stage.interfacechatbotapplication.chat/app/v1/ask-bot,1703,0,0
1711000973974,1904,Ask BOT,500,Internal Server Error,172.19.252.203:1099-Thread Group 1-2,text,false,,362,513,5,5,https://ica-backend-js-stage.interfacechatbotapplication.chat/app/v1/ask-bot,1904,0,0
1711000975174,1001,Ask BOT,500,Internal Server Error,172.19.252.203:1099-Thread Group 1-1,text,false,,362,513,5,5,https://ica-backend-js-stage.interfacechatbotapplication.chat/app/v1/ask-bot,1001,0,0
1711000973376,1605,Ask BOT,500,Internal Server Error,172.19.252.204:1099-Thread Group 1-3,text,false,,362,513,5,5,https://ica-backend-js-stage.interfacechatbotapplication.chat/app/v1/ask-bot,1605,0,0
1711000975175,1002,Ask BOT,500,Internal Server Error,172.19.252.203:1099-Thread Group 1-5,text,false,,362,513,5,5,https://ica-backend-js-stage.interfacechatbotapplication.chat/app/v1/ask-bot,1002,0,0
1711000973582,1690,Ask BOT,500,Internal Server Error,172.19.252.204:1099-Thread Group 1-5,text,false,,362,513,5,5,https://ica-backend-js-stage.interfacechatbotapplication.chat/app/v1/ask-bot,1690,0,0
1711000975577,805,Ask BOT,500,Internal Server Error,172.19.252.203:1099-Thread Group 1-3,text,false,,362,513,5,5,https://ica-backend-js-stage.interfacechatbotapplication.chat/app/v1/ask-bot,805,0,0
1711000973582,1691,Ask BOT,500,Internal Server Error,172.19.252.204:1099-Thread Group 1-4,text,false,,362,513,5,5,https://ica-backend-js-stage.interfacechatbotapplication.chat/app/v1/ask-bot,1691,0,0
1711000975580,1092,Ask BOT,500,Internal Server Error,172.19.252.203:1099-Thread Group 1-4,text,false,,362,513,5,5,https://ica-backend-js-stage.interfacechatbotapplication.chat/app/v1/ask-bot,1092,0,0
1711000973976,1901,Ask BOT,500,Internal Server Error,172.19.252.204:1099-Thread Group 1-1,text,false,,362,513,5,5,https://ica-backend-js-stage.interfacechatbotapplication.chat/app/v1/ask-bot,1901,0,0
1711000975878,1001,Ask BOT,500,Internal Server Error,172.19.252.203:1099-Thread Group 1-2,text,false,,362,513,5,5,https://ica-backend-js-stage.interfacechatbotapplication.chat/app/v1/ask-bot,1001,0,0
1711000974877,1202,Ask BOT,500,Internal Server Error,172.19.252.204:1099-Thread Group 1-2,text,false,,362,513,5,5,https://ica-backend-js-stage.interfacechatbotapplication.chat/app/v1/ask-bot,1202,0,0
1711000974981,1193,Ask BOT,500,Internal Server Error,172.19.252.204:1099-Thread Group 1-3,text,false,,362,513,5,5,https://ica-backend-js-stage.interfacechatbotapplication.chat/app/v1/ask-bot,1193,0,0
1711000976175,808,Ask BOT,500,Internal Server Error,172.19.252.203:1099-Thread Group 1-1,text,false,,362,513,5,5,https://ica-backend-js-stage.interfacechatbotapplication.chat/app/v1/ask-bot,808,0,0
1711000975273,1107,Ask BOT,500,Internal Server Error,172.19.252.204:1099-Thread Group 1-4,text,false,,362,513,5,5,https://ica-backend-js-stage.interfacechatbotapplication.chat/app/v1/ask-bot,1107,0,0
1711000976177,897,Ask BOT,500,Internal Server Error,172.19.252.203:1099-Thread Group 1-5,text,false,,362,513,5,5,https://ica-backend-js-stage.interfacechatbotapplication.chat/app/v1/ask-bot,897,0,0
1711000975272,1110,Ask BOT,500,Internal Server Error,172.19.252.204:1099-Thread Group 1-5,text,false,,362,513,5,5,https://ica-backend-js-stage.interfacechatbotapplication.chat/app/v1/ask-bot,1110,0,0
1711000976383,1093,Ask BOT,500,Internal Server Error,172.19.252.203:1099-Thread Group 1-3,text,false,,362,513,5,5,https://ica-backend-js-stage.interfacechatbotapplication.chat/app/v1/ask-bot,1093,0,0
1711000975877,1003,Ask BOT,500,Internal Server Error,172.19.252.204:1099-Thread Group 1-1,text,false,,362,513,5,5,https://ica-backend-js-stage.interfacechatbotapplication.chat/app/v1/ask-bot,1003,0,0
1711000976672,806,Ask BOT,500,Internal Server Error,172.19.252.203:1099-Thread Group 1-4,text,false,,362,513,5,5,https://ica-backend-js-stage.interfacechatbotapplication.chat/app/v1/ask-bot,806,0,0
1711000976079,903,Ask BOT,500,Internal Server Error,172.19.252.204:1099-Thread Group 1-2,text,false,,362,513,5,5,https://ica-backend-js-stage.interfacechatbotapplication.chat/app/v1/ask-bot,903,0,0
1711000976879,893,Ask BOT,500,Internal Server Error,172.19.252.203:1099-Thread Group 1-2,text,false,,362,513,5,5,https://ica-backend-js-stage.interfacechatbotapplication.chat/app/v1/ask-bot,893,0,0
1711000976174,809,Ask BOT,500,Internal Server Error,172.19.252.204:1099-Thread Group 1-3,text,false,,362,513,5,5,https://ica-backend-js-stage.interfacechatbotapplication.chat/app/v1/ask-bot,809,0,0
1711000976983,795,Ask BOT,500,Internal Server Error,172.19.252.203:1099-Thread Group 1-1,text,false,,362,513,5,5,https://ica-backend-js-stage.interfacechatbotapplication.chat/app/v1/ask-bot,795,0,0
1711000976382,1095,Ask BOT,500,Internal Server Error,172.19.252.204:1099-Thread Group 1-5,text,false,,362,513,5,5,https://ica-backend-js-stage.interfacechatbotapplication.chat/app/v1/ask-bot,1095,0,0
1711000977476,703,Ask BOT,500,Internal Server Error,172.19.252.203:1099-Thread Group 1-3,text,false,,362,513,5,5,https://ica-backend-js-stage.interfacechatbotapplication.chat/app/v1/ask-bot,703,0,0
1711000976380,1098,Ask BOT,500,Internal Server Error,172.19.252.204:1099-Thread Group 1-4,text,false,,362,513,5,5,https://ica-backend-js-stage.interfacechatbotapplication.chat/app/v1/ask-bot,1098,0,0
1711000977478,796,Ask BOT,500,Internal Server Error,172.19.252.203:1099-Thread Group 1-4,text,false,,362,513,5,5,https://ica-backend-js-stage.interfacechatbotapplication.chat/app/v1/ask-bot,796,0,0
1711000976880,803,Ask BOT,500,Internal Server Error,172.19.252.204:1099-Thread Group 1-1,text,false,,362,513,5,5,https://ica-backend-js-stage.interfacechatbotapplication.chat/app/v1/ask-bot,803,0,0
1711000977075,1328,Ask BOT,500,Internal Server Error,172.19.252.203:1099-Thread Group 1-5,text,false,,362,513,5,5,https://ica-backend-js-stage.interfacechatbotapplication.chat/app/v1/ask-bot,1328,0,0
1711000976982,794,Ask BOT,500,Internal Server Error,172.19.252.204:1099-Thread Group 1-2,text,false,,362,513,5,5,https://ica-backend-js-stage.interfacechatbotapplication.chat/app/v1/ask-bot,794,0,0
1711000978179,14391,Ask BOT,500,Internal Server Error,172.19.252.203:1099-Thread Group 1-3,text,false,,362,513,5,5,https://ica-backend-js-stage.interfacechatbotapplication.chat/app/v1/ask-bot,14391,0,0
1711000976983,794,Ask BOT,500,Internal Server Error,172.19.252.204:1099-Thread Group 1-3,text,false,,362,513,5,5,https://ica-backend-js-stage.interfacechatbotapplication.chat/app/v1/ask-bot,794,0,0
1711000977772,18754,Ask BOT,500,Internal Server Error,172.19.252.203:1099-Thread Group 1-2,text,false,,362,513,5,5,https://ica-backend-js-stage.interfacechatbotapplication.chat/app/v1/ask-bot,18754,0,0
1711000977478,798,Ask BOT,500,Internal Server Error,172.19.252.204:1099-Thread Group 1-4,text,false,,362,513,5,5,https://ica-backend-js-stage.interfacechatbotapplication.chat/app/v1/ask-bot,798,0,0
1711000977477,800,Ask BOT,500,Internal Server Error,172.19.252.204:1099-Thread Group 1-5,text,false,,362,513,5,5,https://ica-backend-js-stage.interfacechatbotapplication.chat/app/v1/ask-bot,800,0,0
1711000978274,20363,Ask BOT,500,Internal Server Error,172.19.252.203:1099-Thread Group 1-4,text,false,,362,513,5,5,https://ica-backend-js-stage.interfacechatbotapplication.chat/app/v1/ask-bot,20363,0,0
1711000977776,18749,Ask BOT,500,Internal Server Error,172.19.252.204:1099-Thread Group 1-2,text,false,,362,513,5,5,https://ica-backend-js-stage.interfacechatbotapplication.chat/app/v1/ask-bot,18749,0,0
1711000992570,7951,Ask BOT,500,Internal Server Error,172.19.252.203:1099-Thread Group 1-3,text,false,,362,513,5,5,https://ica-backend-js-stage.interfacechatbotapplication.chat/app/v1/ask-bot,7951,0,0
1711000978276,18344,Ask BOT,500,Internal Server Error,172.19.252.204:1099-Thread Group 1-4,text,false,,362,513,5,5,https://ica-backend-js-stage.interfacechatbotapplication.chat/app/v1/ask-bot,18344,0,0
1711000998637,10359,Ask BOT,500,Internal Server Error,172.19.252.203:1099-Thread Group 1-4,text,false,,362,513,5,5,https://ica-backend-js-stage.interfacechatbotapplication.chat/app/v1/ask-bot,10359,0,0
1711000978277,24349,Ask BOT,500,Internal Server Error,172.19.252.204:1099-Thread Group 1-5,text,false,,362,513,5,5,https://ica-backend-js-stage.interfacechatbotapplication.chat/app/v1/ask-bot,24349,0,0
1711000977778,50005,Ask BOT,Non HTTP response code: org.apache.http.NoHttpResponseException,Non HTTP response message: ica-backend-js-stage.interfacechatbotapplication.chat:443 failed to respond,172.19.252.203:1099-Thread Group 1-1,text,false,,2110,0,5,5,https://ica-backend-js-stage.interfacechatbotapplication.chat/app/v1/ask-bot,0,0,0
1711000977683,29151,Ask BOT,500,Internal Server Error,172.19.252.204:1099-Thread Group 1-1,text,false,,362,513,5,5,https://ica-backend-js-stage.interfacechatbotapplication.chat/app/v1/ask-bot,29151,0,0
1711000977777,50004,Ask BOT,Non HTTP response code: org.apache.http.NoHttpResponseException,Non HTTP response message: ica-backend-js-stage.interfacechatbotapplication.chat:443 failed to respond,172.19.252.204:1099-Thread Group 1-3,text,false,,2110,0,5,5,https://ica-backend-js-stage.interfacechatbotapplication.chat/app/v1/ask-bot,0,0,0
1711000978156,50249,Ask BOT,Non HTTP response code: org.apache.http.NoHttpResponseException,Non HTTP response message: ica-backend-js-stage.interfacechatbotapplication.chat:443 failed to respond,172.19.252.205:1099-Thread Group 1-1,text,false,,2110,0,5,5,https://ica-backend-js-stage.interfacechatbotapplication.chat/app/v1/ask-bot,0,0,0
1711001000646,50004,Ask BOT,Non HTTP response code: org.apache.http.NoHttpResponseException,Non HTTP response message: ica-backend-js-stage.interfacechatbotapplication.chat:443 failed to respond,172.19.252.205:1099-Thread Group 1-3,text,false,,2110,0,5,5,https://ica-backend-js-stage.interfacechatbotapplication.chat/app/v1/ask-bot,0,0,0
1711001002513,50004,Ask BOT,Non HTTP response code: org.apache.http.NoHttpResponseException,Non HTTP response message: ica-backend-js-stage.interfacechatbotapplication.chat:443 failed to respond,172.19.252.205:1099-Thread Group 1-5,text,false,,2110,0,4,4,https://ica-backend-js-stage.interfacechatbotapplication.chat/app/v1/ask-bot,0,0,0
1711001009125,50005,Ask BOT,Non HTTP response code: org.apache.http.NoHttpResponseException,Non HTTP response message: ica-backend-js-stage.interfacechatbotapplication.chat:443 failed to respond,172.19.252.205:1099-Thread Group 1-2,text,false,,2110,0,3,3,https://ica-backend-js-stage.interfacechatbotapplication.chat/app/v1/ask-bot,0,0,0
1711001028404,38129,Ask BOT,500,Internal Server Error,172.19.252.205:1099-Thread Group 1-1,text,false,,362,513,2,2,https://ica-backend-js-stage.interfacechatbotapplication.chat/app/v1/ask-bot,38129,0,8
1711001027599,50031,Ask BOT,Non HTTP response code: org.apache.http.NoHttpResponseException,Non HTTP response message: ica-backend-js-stage.interfacechatbotapplication.chat:443 failed to respond,172.19.252.205:1099-Thread Group 1-4,text,false,,2110,0,1,1,https://ica-backend-js-stage.interfacechatbotapplication.chat/app/v1/ask-bot,0,0,26
1711001002625,31212,Ask BOT,500,Internal Server Error,172.19.252.204:1099-Thread Group 1-5,text,false,,362,513,5,5,https://ica-backend-js-stage.interfacechatbotapplication.chat/app/v1/ask-bot,31212,0,0
1711000996525,50005,Ask BOT,Non HTTP response code: org.apache.http.NoHttpResponseException,Non HTTP response message: ica-backend-js-stage.interfacechatbotapplication.chat:443 failed to respond,172.19.252.204:1099-Thread Group 1-2,text,false,,2110,0,5,5,https://ica-backend-js-stage.interfacechatbotapplication.chat/app/v1/ask-bot,0,0,0
1711000996619,50005,Ask BOT,Non HTTP response code: org.apache.http.NoHttpResponseException,Non HTTP response message: ica-backend-js-stage.interfacechatbotapplication.chat:443 failed to respond,172.19.252.204:1099-Thread Group 1-4,text,false,,2110,0,4,4,https://ica-backend-js-stage.interfacechatbotapplication.chat/app/v1/ask-bot,0,0,0
1711001006833,50005,Ask BOT,Non HTTP response code: org.apache.http.NoHttpResponseException,Non HTTP response message: ica-backend-js-stage.interfacechatbotapplication.chat:443 failed to respond,172.19.252.204:1099-Thread Group 1-1,text,false,,2110,0,3,3,https://ica-backend-js-stage.interfacechatbotapplication.chat/app/v1/ask-bot,0,0,0
1711001033838,34689,Ask BOT,500,Internal Server Error,172.19.252.204:1099-Thread Group 1-5,text,false,,362,513,2,2,https://ica-backend-js-stage.interfacechatbotapplication.chat/app/v1/ask-bot,34689,0,13
1711001027802,50018,Ask BOT,Non HTTP response code: org.apache.http.NoHttpResponseException,Non HTTP response message: ica-backend-js-stage.interfacechatbotapplication.chat:443 failed to respond,172.19.252.204:1099-Thread Group 1-3,text,false,,2110,0,1,1,https://ica-backend-js-stage.interfacechatbotapplication.chat/app/v1/ask-bot,0,0,14
1711000978403,50005,Ask BOT,Non HTTP response code: org.apache.http.NoHttpResponseException,Non HTTP response message: ica-backend-js-stage.interfacechatbotapplication.chat:443 failed to respond,172.19.252.203:1099-Thread Group 1-5,text,false,,2110,0,5,5,https://ica-backend-js-stage.interfacechatbotapplication.chat/app/v1/ask-bot,0,0,0
1711000996526,50005,Ask BOT,Non HTTP response code: org.apache.http.NoHttpResponseException,Non HTTP response message: ica-backend-js-stage.interfacechatbotapplication.chat:443 failed to respond,172.19.252.203:1099-Thread Group 1-2,text,false,,2110,0,5,5,https://ica-backend-js-stage.interfacechatbotapplication.chat/app/v1/ask-bot,0,0,0
1711001000521,50005,Ask BOT,Non HTTP response code: org.apache.http.NoHttpResponseException,Non HTTP response message: ica-backend-js-stage.interfacechatbotapplication.chat:443 failed to respond,172.19.252.203:1099-Thread Group 1-3,text,false,,2110,0,4,4,https://ica-backend-js-stage.interfacechatbotapplication.chat/app/v1/ask-bot,0,0,0
1711001008996,50005,Ask BOT,Non HTTP response code: org.apache.http.NoHttpResponseException,Non HTTP response message: ica-backend-js-stage.interfacechatbotapplication.chat:443 failed to respond,172.19.252.203:1099-Thread Group 1-4,text,false,,2110,0,3,3,https://ica-backend-js-stage.interfacechatbotapplication.chat/app/v1/ask-bot,0,0,0
1711001027802,50018,Ask BOT,Non HTTP response code: org.apache.http.NoHttpResponseException,Non HTTP response message: ica-backend-js-stage.interfacechatbotapplication.chat:443 failed to respond,172.19.252.203:1099-Thread Group 1-1,text,false,,2110,0,2,2,https://ica-backend-js-stage.interfacechatbotapplication.chat/app/v1/ask-bot,0,0,14
1711001028407,50017,Ask BOT,Non HTTP response code: org.apache.http.NoHttpResponseException,Non HTTP response message: ica-backend-js-stage.interfacechatbotapplication.chat:443 failed to respond,172.19.252.203:1099-Thread Group 1-5,text,false,,2110,0,1,1,https://ica-backend-js-stage.interfacechatbotapplication.chat/app/v1/ask-bot,0,0,13
1711000978178,50005,Ask BOT,Non HTTP response code: org.apache.http.NoHttpResponseException,Non HTTP response message: ica-backend-js-stage.interfacechatbotapplication.chat:443 failed to respond,172.19.252.206:1099-Thread Group 1-2,text,false,,2110,0,5,5,https://ica-backend-js-stage.interfacechatbotapplication.chat/app/v1/ask-bot,0,0,0
1711000978179,50004,Ask BOT,Non HTTP response code: org.apache.http.NoHttpResponseException,Non HTTP response message: ica-backend-js-stage.interfacechatbotapplication.chat:443 failed to respond,172.19.252.206:1099-Thread Group 1-5,text,false,,2110,0,5,5,https://ica-backend-js-stage.interfacechatbotapplication.chat/app/v1/ask-bot,0,0,0
1711001028183,3162,Ask BOT,500,Internal Server Error,172.19.252.206:1099-Thread Group 1-2,text,false,,362,513,5,5,https://ica-backend-js-stage.interfacechatbotapplication.chat/app/v1/ask-bot,3162,0,8
1711001009129,24590,Ask BOT,500,Internal Server Error,172.19.252.206:1099-Thread Group 1-1,text,false,,362,513,5,5,https://ica-backend-js-stage.interfacechatbotapplication.chat/app/v1/ask-bot,24590,0,0
1711001028183,5653,Ask BOT,500,Internal Server Error,172.19.252.206:1099-Thread Group 1-5,text,false,,362,513,5,5,https://ica-backend-js-stage.interfacechatbotapplication.chat/app/v1/ask-bot,5653,0,8
1711001031345,2630,Ask BOT,500,Internal Server Error,172.19.252.206:1099-Thread Group 1-2,text,false,,362,513,5,5,https://ica-backend-js-stage.interfacechatbotapplication.chat/app/v1/ask-bot,2630,0,0
1711001006752,50005,Ask BOT,Non HTTP response code: org.apache.http.NoHttpResponseException,Non HTTP response message: ica-backend-js-stage.interfacechatbotapplication.chat:443 failed to respond,172.19.252.206:1099-Thread Group 1-4,text,false,,2110,0,5,5,https://ica-backend-js-stage.interfacechatbotapplication.chat/app/v1/ask-bot,0,0,0
1711001027801,50018,Ask BOT,Non HTTP response code: org.apache.http.NoHttpResponseException,Non HTTP response message: ica-backend-js-stage.interfacechatbotapplication.chat:443 failed to respond,172.19.252.206:1099-Thread Group 1-3,text,false,,2110,0,4,4,https://ica-backend-js-stage.interfacechatbotapplication.chat/app/v1/ask-bot,0,0,14
1711001033719,50018,Ask BOT,Non HTTP response code: org.apache.http.NoHttpResponseException,Non HTTP response message: ica-backend-js-stage.interfacechatbotapplication.chat:443 failed to respond,172.19.252.206:1099-Thread Group 1-1,text,false,,2110,0,3,3,https://ica-backend-js-stage.interfacechatbotapplication.chat/app/v1/ask-bot,0,0,14
1711001033836,50005,Ask BOT,Non HTTP response code: org.apache.http.NoHttpResponseException,Non HTTP response message: ica-backend-js-stage.interfacechatbotapplication.chat:443 failed to respond,172.19.252.206:1099-Thread Group 1-5,text,false,,2110,0,2,2,https://ica-backend-js-stage.interfacechatbotapplication.chat/app/v1/ask-bot,0,0,0
1711001033975,50004,Ask BOT,Non HTTP response code: org.apache.http.NoHttpResponseException,Non HTTP response message: ica-backend-js-stage.interfacechatbotapplication.chat:443 failed to respond,172.19.252.206:1099-Thread Group 1-2,text,false,,2110,0,1,1,https://ica-backend-js-stage.interfacechatbotapplication.chat/app/v1/ask-bot,0,0,0
